Alabama,Alaska,Arizona,Arkansas,California,Colorado,Connecticut,Delaware,District of Columbia,Florida,Georgia,Hawaii,Idaho,Illinois,Indiana,Iowa,Kansas,Kentucky,Louisiana,Maine,Maryland,Massachusetts,Michigan,Minnesota,Mississippi,Missouri,Montana,Nebraska,Nevada,New Hampshire,New Jersey,New Mexico,New York,North Carolina,North Dakota,Ohio,Oklahoma,Oregon,Pennsylvania,Rhode Island,South Carolina,South Dakota,Tennessee,Texas,Utah,Vermont,Virginia,Washington,West Virginia,Wisconsin,Wyoming
209,9,273,48,1689,684,1865,157,165,1055,907,13,56,1875,958,112,120,205,1707,47,875,2730,3155,244,221,279,14,50,205,53,5914,93,22009,305,16,852,194,87,1793,276,166,10,177,678,41,46,437,779,32,266,7
219,9,275,51,1725,688,1924,170,178,1075,916,14,56,1933,993,118,121,208,1729,50,910,2899,3315,272,227,281,14,56,206,60,5938,99,22269,324,17,902,195,92,1816,290,174,11,181,699,41,46,449,799,34,272,7
228,9,275,51,1779,706,2012,183,185,1088,995,16,56,1983,1036,127,126,213,1740,51,945,3003,3407,286,229,343,14,56,206,60,6044,99,22668,340,19,948,197,92,1886,300,177,11,184,717,41,47,460,810,34,281,7
242,9,275,57,1864,736,2087,194,190,1171,1036,16,60,2125,1072,136,127,225,1801,51,1016,3153,3568,301,239,330,15,56,219,60,6442,105,22912,363,19,1003,207,99,2046,322,192,11,188,764,41,47,492,820,38,300,7
256,9,308,57,1946,766,2169,206,205,1218,1101,16,60,2215,1116,148,134,234,1845,52,1078,3405,3670,319,250,339,16,56,230,60,6771,112,23477,382,19,1044,214,101,2373,340,231,13,195,803,45,47,522,828,38,308,7
272,9,320,61,2031,777,2257,212,224,1268,1132,16,60,2355,1161,162,134,240,1905,53,1140,3562,3789,343,261,351,16,70,243,72,7228,123,23587,406,19,1073,222,103,2475,364,244,17,199,847,46,49,552,836,41,316,7
289,9,330,64,2126,821,2339,224,231,1314,1169,16,63,2457,1198,170,140,246,1970,55,1080,3716,3866,370,281,361,16,73,246,81,7538,131,24039,419,23,1122,230,104,2635,378,256,21,204,882,46,50,581,850,46,327,7
288,9,330,72,2180,832,2436,236,240,1364,1177,16,64,2559,1242,175,142,248,1993,56,1251,3846,4021,394,291,377,16,73,255,84,7742,138,24198,431,24,1163,238,109,2695,402,267,21,209,917,49,51,617,862,48,334,7
290,9,362,76,2216,842,2436,248,251,1379,1184,17,64,2618,1278,184,144,253,2012,57,1281,4004,4053,418,303,383,16,78,258,86,7871,151,24708,434,25,1207,238,109,2720,423,275,21,210,940,50,53,660,874,48,339,7
298,9,362,80,2278,851,2556,258,258,1399,1246,17,64,2659,1317,188,156,261,2064,57,1317,4090,4139,427,310,389,16,78,265,86,7910,156,24999,442,25,1235,238,109,2838,441,283,21,219,965,50,52,684,885,48,340,7
315,9,395,83,2381,903,2633,269,264,1471,1299,17,65,2834,1356,207,161,275,2115,61,1390,4212,4183,455,342,412,16,78,270,92,8244,162,25124,472,25,1273,247,113,3179,457,296,24,226,984,56,52,713,898,48,353,7
343,10,426,87,2464,919,2718,272,277,1539,1327,17,66,2974,1400,219,164,283,2167,62,1437,4420,4256,485,374,431,16,78,289,92,8549,169,25623,492,31,1315,253,115,3345,478,305,29,239,1013,58,52,713,911,50,362,7
369,10,450,87,2535,944,2797,288,285,1600,1355,17,67,3111,1434,231,165,294,2208,62,1503,4552,4345,508,396,453,16,91,297,114,8807,172,26144,513,31,1355,260,121,3589,499,316,31,238,1046,61,53,769,925,51,374,7
383,10,517,88,2613,960,2874,301,304,1669,1400,17,67,3241,1462,243,168,298,2227,63,1560,4702,4399,534,409,487,16,90,294,121,8960,181,26243,530,33,1394,266,124,3715,521,320,31,242,1081,61,53,812,941,52,384,7
390,10,532,88,2687,967,2932,305,311,1715,1403,17,67,3349,1495,252,174,304,2267,64,1614,4840,4530,558,421,497,16,90,313,131,9116,191,26612,551,35,1434,270,127,3779,536,330,34,242,1117,66,53,827,952,52,398,7
393,10,536,91,2716,971,2967,316,323,1721,1406,17,67,3406,1529,265,174,304,2286,64,1644,4979,4555,578,430,505,16,90,310,133,9256,200,26641,564,35,1468,272,127,3806,550,331,34,243,1150,67,53,839,968,54,400,7
403,10,542,94,2779,987,3008,328,328,1735,1444,17,70,3459,1571,271,180,311,2308,65,1683,5108,4584,591,435,518,16,98,312,133,9340,208,26988,575,36,1494,274,130,3832,565,346,34,251,1179,68,53,850,974,54,409,7
435,10,562,95,2879,1010,3041,339,336,1779,1498,17,69,3601,1610,289,184,321,2347,65,1756,5141,4674,614,457,534,16,100,321,142,9531,219,27284,600,38,1532,278,130,3914,587,355,39,266,1216,73,53,892,990,58,418,7
450,10,595,97,2957,1062,3125,355,350,1827,1517,17,69,3792,1638,306,188,321,2381,66,1809,5315,4714,638,465,556,16,103,331,150,9714,231,27477,625,40,1569,278,134,4094,600,362,39,273,1238,75,53,928,996,58,421,7
473,10,624,98,3052,1086,3219,367,358,1875,1545,17,72,3928,1682,318,189,328,2417,69,1866,5482,4787,672,480,571,16,103,333,151,9946,242,27641,641,40,1596,284,137,4288,615,371,43,287,1309,75,53,956,1004,60,434,7
483,10,651,98,3136,1150,3285,378,368,1917,1588,17,72,4059,1715,336,193,332,2448,69,1911,5592,4825,692,493,586,16,113,343,151,10148,253,27878,667,42,1641,285,137,4422,629,380,44,290,1356,77,53,978,1016,64,445,7
485,10,679,98,3208,1192,3339,388,375,1964,1598,17,73,4129,1745,346,195,334,2479,70,1957,5705,4881,709,510,599,16,123,347,171,10261,259,28049,676,42,1675,288,137,4480,644,380,44,295,1395,78,53,1003,1024,64,453,7
488,10,680,98,3240,1215,3408,398,383,1973,1610,17,73,4177,1775,351,195,334,2491,70,1992,5797,4891,731,521,605,16,123,350,172,10363,265,28232,686,43,1709,288,137,4495,654,385,44,298,1418,80,54,1010,1035,67,453,8
489,10,687,100,3279,1224,3450,405,392,1997,1649,17,74,4234,1816,355,198,346,2563,71,2023,5862,4915,740,527,616,16,123,358,172,10439,270,28339,693,44,1747,288,138,4515,672,391,44,301,1430,80,54,1015,1041,68,459,10
504,10,705,102,3403,1257,3472,416,400,2052,1675,17,74,4379,1846,367,199,366,2581,73,2081,5938,5017,757,554,636,16,123,358,172,10587,276,28558,693,45,1780,293,140,4628,683,399,46,305,1465,88,54,1042,1048,68,467,10
522,10,747,107,3497,1299,3529,425,407,2096,1697,17,77,4525,1878,393,202,376,2608,73,2123,6066,5060,786,570,645,16,138,377,190,10749,283,28636,726,49,1809,299,144,4770,705,407,46,305,1507,90,54,1075,1052,69,481,11
529,10,764,110,3583,1310,3583,430,412,2144,1775,17,77,4607,1917,410,204,386,2629,73,2159,6148,5129,818,580,673,16,138,383,199,10846,294,28743,728,51,1846,304,145,4869,725,416,48,313,1530,92,54,1100,1061,70,487,12
541,10,775,113,3666,1324,3637,435,418,2190,1808,17,79,4715,1935,424,205,391,2668,75,2207,6228,5158,851,595,682,16,147,386,204,10985,302,28853,775,52,1878,307,147,5010,736,419,50,315,1541,93,54,1136,1066,72,496,12
549,10,801,115,3738,1327,3675,441,427,2233,1822,17,79,4790,1960,446,205,391,2668,77,2243,6304,5223,861,616,687,16,147,387,208,11082,302,29031,778,52,1920,311,147,5112,749,425,50,329,1554,97,54,1159,1075,72,507,12
551,10,801,116,3754,1332,3693,449,432,2237,1827,17,79,4856,1975,456,205,391,2691,78,2277,6372,5228,878,625,691,16,147,380,209,11138,317,29141,784,53,1947,311,148,5136,757,435,50,336,1598,97,54,1171,1084,72,510,12
566,10,807,117,3769,1333,3742,455,440,2252,1848,17,79,4885,1997,456,207,391,2691,78,2302,6416,5241,890,635,694,16,147,394,210,11147,320,29229,790,54,1974,313,148,5146,767,440,50,338,1609,98,54,1208,1088,72,514,12
580,10,810,119,3819,1352,3769,465,440,2259,1896,17,79,4923,2017,477,210,394,2702,79,2333,6473,5266,908,652,700,17,147,394,214,11194,325,29302,801,54,1994,318,148,5163,782,446,50,343,1623,101,54,1236,1094,72,517,13
583,10,834,120,3895,1392,3803,475,445,2319,1933,17,81,5083,2032,496,213,400,2723,81,2392,6547,5334,942,670,696,17,153,402,223,11339,329,29484,844,56,2019,322,148,5265,792,466,54,353,1657,105,54,1281,1105,74,539,14
591,10,860,125,3993,1421,3826,483,453,2364,1973,17,82,5186,2051,506,214,409,2741,84,2428,6640,5372,977,693,715,17,163,406,232,11409,335,29529,876,57,2039,325,151,5373,800,470,54,356,1678,106,55,1338,1109,74,550,15
610,10,886,132,4077,1436,3868,490,460,2413,1987,17,82,5270,2073,524,215,418,2767,85,2466,6718,5406,1006,710,738,17,164,406,238,11531,344,29646,919,59,2066,329,151,5464,812,483,59,361,1697,107,55,1358,1115,74,568,15
618,10,904,133,4144,1443,3912,494,462,2447,2004,17,82,5330,2096,531,215,431,2786,89,2509,6768,5464,1036,723,782,17,170,417,238,11634,351,29710,929,60,2087,334,153,5537,824,487,62,364,1736,112,55,1370,1117,75,588,16
630,10,907,133,4172,1445,3944,497,466,2451,2053,17,82,5390,2113,535,215,431,2791,89,2532,6846,5491,1050,734,784,17,170,417,245,11698,356,29784,937,61,2117,334,153,5555,827,494,62,364,1753,113,55,1375,1123,75,592,16
646,10,918,133,4217,1458,3970,500,468,2460,2094,17,82,5412,2133,555,217,439,2801,89,2552,7035,5516,1060,739,784,17,170,417,245,11723,362,29917,948,61,2147,334,154,5567,832,500,62,364,1765,113,55,1392,1128,76,595,17
653,10,943,136,4305,1474,3972,501,470,2530,2102,17,83,5525,2153,561,222,442,2835,94,2597,7085,5553,1082,767,794,17,170,417,256,11771,367,29968,961,65,2168,339,157,5667,842,501,62,381,1789,113,55,1407,1134,78,607,17
653,10,983,142,4374,1494,3989,505,473,2566,2123,17,83,5621,2179,574,226,450,2870,95,2641,7152,5570,1097,782,799,17,170,431,265,11880,375,30019,999,66,2197,341,159,5742,853,501,62,388,1818,117,55,1428,1139,78,616,17
653,10,999,151,4444,1512,4007,517,475,2607,2149,17,83,5736,2202,583,227,458,2883,95,2668,7201,5595,1126,794,803,17,187,430,273,11970,383,30174,1006,66,2219,344,159,5832,865,501,64,401,1855,117,55,1445,1150,79,626,17
676,10,1015,152,4529,1524,4038,521,479,2660,2174,17,83,5795,2223,593,232,466,2912,98,2702,7235,5854,1159,803,813,18,187,436,278,12049,387,30236,1015,71,2236,345,161,5898,876,539,64,408,1880,120,55,1454,1155,84,633,17
689,10,1043,154,4607,1527,4055,521,483,2688,2178,17,83,5864,2233,599,233,470,2925,98,2740,7289,5894,1181,811,823,18,187,437,283,12106,392,30280,1028,72,2259,347,161,5931,882,539,65,417,1907,121,55,1461,1159,84,645,17
692,10,1051,154,4632,1527,4071,524,489,2700,2180,17,83,5904,2248,605,233,470,2936,99,2749,7316,5898,1197,817,823,18,187,438,286,12176,396,30374,1032,72,2270,348,163,5943,886,546,65,418,1917,121,55,1472,1170,84,647,17
718,10,1053,155,4657,1543,4084,527,491,2712,2208,17,83,5924,2265,617,236,472,2944,99,2776,7353,5916,1208,837,832,18,188,442,286,12214,400,30417,1041,72,2286,348,164,5953,890,557,65,421,1928,124,55,1477,1180,84,646,17
729,11,1076,161,4745,1553,4097,531,495,2765,2285,17,85,6018,2290,626,237,477,2957,100,2811,7408,5948,1228,847,853,18,189,446,286,12303,404,30458,1068,72,2300,354,169,6014,891,568,68,435,1947,127,55,1496,1185,84,661,17
744,11,1101,165,4854,1572,4120,533,499,2801,2329,17,85,6095,2307,631,240,484,2968,100,2844,7454,5955,1267,868,859,18,191,449,301,12377,410,30542,1090,73,2313,356,169,6062,895,575,69,437,1978,128,55,1514,1186,85,671,18
755,11,1135,171,4934,1582,4146,535,502,2848,2375,17,85,6185,2322,640,243,493,2987,100,2875,7492,5985,1280,868,870,18,212,459,308,12443,420,30580,1106,74,2326,358,171,6113,901,588,73,441,2008,131,55,1520,1198,86,682,18
769,12,1156,176,4978,1582,4159,537,506,2877,2418,17,87,6260,2338,644,243,497,2996,100,2900,7538,5990,1305,881,889,18,215,461,315,12489,420,30758,1121,74,2351,360,173,6162,903,593,74,466,2038,139,55,1534,1203,88,689,18
773,12,1189,177,5076,1597,4186,540,511,2925,2447,17,87,6289,2351,650,245,499,3004,100,2926,7576,6013,1314,889,893,18,215,462,318,12621,431,30795,1127,74,2372,359,173,6211,906,599,75,472,2057,139,55,1541,1207,88,691,18
773,12,1191,179,5099,1598,4201,541,515,2931,2451,17,87,6308,2372,652,245,499,3014,100,2939,7624,6016,1329,891,893,19,215,463,320,12659,435,30825,1132,74,2390,359,173,6215,909,600,75,474,2074,139,55,1546,1209,88,692,18
774,12,1203,182,5114,1605,4204,543,515,2938,2494,17,87,6326,2386,658,246,505,3018,101,2947,7647,6018,1335,895,896,19,220,465,320,12708,440,30856,1140,74,2404,359,180,6243,914,602,75,482,2097,143,55,1552,1211,88,694,18
785,12,1228,188,5200,1617,4210,544,520,2993,2529,17,88,6398,2401,665,246,505,3042,101,2982,7664,6034,1344,915,900,19,231,467,326,12792,447,30909,1169,74,2412,363,182,6276,922,607,77,493,2148,145,55,1570,1219,88,703,18
790,12,1249,197,5271,1631,4219,547,523,3018,2575,17,88,6485,2418,675,247,518,3062,102,2996,7733,6036,1357,938,919,20,234,473,330,12835,452,30939,1181,74,2425,364,183,6319,928,617,78,498,2186,149,55,1583,1225,88,713,18
810,12,1283,208,5355,1638,4226,548,527,3061,2605,17,89,6537,2443,680,251,520,3062,102,3016,7769,6061,1376,938,955,20,239,475,331,12869,456,30974,1188,75,2438,366,187,6361,935,621,78,508,2218,152,56,1586,1232,88,719,18
822,12,1321,214,5426,1643,4238,552,530,3104,2636,17,89,6580,2455,681,254,522,3084,102,3030,7799,6067,1393,938,968,20,244,479,337,12902,464,31015,1202,76,2455,367,188,6399,938,639,81,515,2250,155,56,1602,1239,88,730,20
838,12,1346,224,5494,1647,4251,552,531,3144,2642,17,89,6625,2465,681,256,524,3104,102,3052,7827,6087,1404,938,975,20,244,486,339,12924,466,31083,1215,76,2463,368,188,6419,942,644,81,524,2280,155,56,1607,1243,88,744,20
839,12,1349,225,5515,1647,4260,555,533,3161,2643,17,89,6647,2476,686,257,526,3105,102,3066,7857,6090,1412,938,975,20,244,487,339,12939,469,31125,1223,77,2470,369,188,6423,944,653,81,526,2294,158,56,1611,1248,89,744,20
841,12,1351,227,5566,1651,4263,557,535,3173,2648,17,89,6671,2491,686,258,526,3117,102,3074,7873,6097,1416,978,980,21,249,489,339,12974,469,31176,1278,77,2487,369,192,6426,946,659,81,531,2317,158,56,1620,1253,89,745,20
864,12,1396,237,5626,1665,4277,557,537,3238,2695,17,89,6707,2495,689,260,537,3134,102,3092,7889,6109,1425,989,986,21,256,489,343,13025,476,31232,1296,78,2499,371,192,6464,953,673,83,542,2343,163,56,1645,1263,92,750,20
891,12,1467,240,5725,1667,4287,559,541,3281,2698,17,89,6770,2505,690,261,538,3152,103,3108,7937,6114,1432,1011,995,21,257,489,347,13076,480,31257,1325,78,2507,372,195,6518,958,683,84,556,2383,163,56,1661,1266,92,757,20
896,12,1495,240,5806,1669,4298,559,543,3327,2745,17,90,6810,2518,696,262,546,3164,103,3129,7962,6133,1441,1016,997,21,260,495,357,14872,485,31301,1336,78,2516,375,197,6557,959,693,87,567,2430,164,56,1675,1270,92,766,20
907,14,1536,249,5868,1673,4307,561,546,3366,2770,17,90,6847,2530,704,265,553,3190,103,3142,8012,6134,1446,1022,1007,22,266,498,365,14914,489,31342,1348,78,2530,377,202,6579,960,694,88,577,2469,166,56,1700,1281,92,766,20
919,14,1580,259,5899,1674,4311,562,548,3390,2776,18,91,6873,2541,704,268,554,3190,104,3157,8040,6153,1452,1035,1014,22,267,500,367,14948,491,31368,1353,78,2544,384,202,6603,965,711,91,584,2510,167,56,1724,1288,93,777,20
919,14,1594,264,5932,1676,4316,564,550,3419,2778,18,91,6888,2550,706,269,558,3199,104,3168,8059,6157,1460,1039,1014,22,267,500,367,14975,492,31397,1352,79,2560,385,202,6606,971,716,91,584,2534,167,56,1732,1292,93,777,20
929,14,1598,265,5983,1681,4320,565,551,3447,2784,18,91,6902,2559,711,273,560,3199,105,3175,8094,6161,1470,1059,1014,22,269,504,367,14992,493,31403,1357,79,2576,385,204,6614,972,720,91,592,2564,168,56,1740,1297,93,777,20
950,14,1645,270,6082,1690,4322,566,551,3505,2805,18,92,6923,2569,716,273,565,3221,105,3190,8053,6193,1476,1073,1015,22,274,507,371,15035,497,32032,1380,79,2582,387,207,6649,977,739,91,604,2593,172,56,1763,1303,93,784,20
972,14,1725,277,6169,1697,4324,567,553,3550,2827,18,92,6951,2581,717,277,572,3238,105,3205,8053,6198,1482,1082,1028,22,276,511,373,15078,500,32043,1398,80,2599,389,208,6684,978,766,93,609,2649,173,56,1786,1309,93,786,20
985,14,1764,279,6265,1701,4326,568,554,3617,2849,18,92,6951,2589,719,280,581,3255,105,3212,8132,6212,1495,1092,1054,22,282,525,375,15107,503,32064,1409,80,2610,395,209,6712,981,784,97,620,2694,176,56,1816,1319,93,793,20
1006,15,1798,281,6315,1701,4335,568,555,3684,2857,19,93,7005,2600,721,282,585,3278,105,3223,8149,6215,1503,1103,1057,23,284,528,376,15164,511,32137,1419,80,2622,398,209,6746,984,793,97,633,2748,181,56,1845,1328,93,796,20
1007,16,1817,286,6334,1701,4335,569,557,3702,2857,19,93,7014,2607,721,283,585,3278,107,3236,8172,6218,1503,1107,1061,23,284,530,379,15189,513,32157,1422,80,2634,398,213,6749,986,813,97,637,2784,181,56,1849,1335,94,796,20
1007,16,1825,287,6373,1701,4335,571,559,3731,2860,19,93,7020,2619,721,284,585,3288,109,3243,8183,6218,1508,1111,1062,23,284,534,381,15211,513,32206,1423,80,2649,398,215,6753,988,820,97,645,2817,184,56,1853,1342,94,796,20
1007,16,1829,292,6441,1691,4338,572,561,3778,2878,19,94,7026,2635,723,285,593,3296,109,3246,8198,6221,1511,1114,1062,23,283,537,382,15229,515,32219,1432,80,2662,399,215,6754,992,827,97,652,2872,190,56,1853,1351,95,796,20
1033,17,1927,301,6573,1696,4338,573,561,3841,2899,19,94,7273,2644,732,289,602,3319,110,3266,8213,6251,1514,1158,1078,23,282,548,384,15281,519,32243,1446,84,2677,404,220,6787,994,846,98,665,2973,194,56,1881,1360,95,805,21
1058,17,1963,305,6718,1704,4343,574,564,3889,2922,19,98,7309,2652,736,289,608,3339,110,3275,8243,6262,1523,1188,1080,23,282,553,386,15332,527,32251,1462,85,2689,407,224,6812,994,884,98,685,3066,201,56,1905,1368,95,807,21
1068,17,2038,309,6859,1706,4348,574,568,4009,2930,19,100,7329,2663,741,293,612,3355,111,3288,8268,6271,1528,1204,1084,25,284,571,387,15448,533,32283,1477,85,2709,410,230,6848,994,905,101,710,3200,205,56,1937,1384,95,809,21
1104,17,2082,313,6955,1724,4348,575,568,4102,2965,19,101,7345,2670,743,293,620,3380,111,3303,8296,6285,1533,1215,1095,28,286,579,390,15479,539,32331,1497,85,2726,416,232,6880,997,929,107,723,3263,207,56,1958,1393,95,814,21
1114,17,2151,319,7027,1725,4348,576,568,4197,2996,19,102,7369,2681,748,295,622,3403,112,3310,8310,6313,1537,1230,1102,29,285,592,391,15525,543,32343,1513,87,2746,421,232,6897,1000,951,109,738,3342,212,56,1962,1400,96,821,21
1121,17,2237,321,7051,1725,4348,579,568,4242,3003,19,102,7388,2694,752,297,625,3416,114,3319,8325,6314,1540,1249,1103,29,285,593,391,15525,545,32350,1522,87,2760,422,234,6904,1003,961,109,741,3432,215,56,1966,1405,96,820,21
1124,17,2246,323,7089,1727,4371,581,568,4277,3026,22,102,7394,2703,755,298,629,3423,114,3325,8330,6321,1542,1250,1116,32,288,593,391,15560,548,32395,1529,87,2773,424,237,6911,1004,972,109,749,3505,216,56,1968,1414,97,820,21
1164,17,2337,331,7250,1738,4372,581,568,4409,3054,22,103,7419,2709,757,299,635,3445,114,3334,8340,6326,1548,1272,1125,34,286,612,392,15582,551,32408,1571,88,2786,428,244,6931,1005,993,109,767,3591,226,56,1977,1426,97,826,22
1211,17,2434,335,7375,1744,4380,581,571,4521,3091,22,110,7427,2720,777,304,645,3461,114,3341,8368,6330,1558,1290,1131,34,291,618,394,15634,557,32427,1589,88,2798,432,247,6957,1005,998,111,783,3745,233,56,1992,1429,98,827,22
1230,17,2492,341,7489,1745,4389,581,574,4677,3105,22,114,7452,2730,781,305,650,3485,114,3347,8380,6348,1566,1308,1133,35,299,626,395,15665,562,32446,1607,89,2819,438,249,6984,1006,1070,115,796,3915,234,56,2007,1435,99,831,24
1265,17,2583,353,7603,1751,4396,581,577,4805,3132,23,118,7465,2739,785,306,658,3509,115,3359,8402,6355,1573,1332,1137,37,301,637,395,15684,565,32463,1623,90,2833,445,254,7004,1008,1096,116,815,4064,235,56,2013,1441,100,833,24
1286,18,2730,357,7702,1752,4396,583,578,4895,3169,24,119,7483,2748,789,308,667,3509,117,3368,8419,6364,1578,1346,1148,37,301,646,396,15699,569,32478,1648,90,2857,451,257,7015,1012,1135,116,838,4193,243,56,2025,1448,100,843,24
1287,18,2761,357,7715,1752,4396,586,578,4982,3174,24,119,7488,2757,793,309,670,3543,117,3377,8431,6366,1581,1355,1148,37,301,647,398,15706,571,32495,1652,92,2883,451,260,7022,1014,1155,118,843,4277,243,56,2027,1457,100,844,25
1291,18,2784,363,7770,1758,4406,586,579,5072,3177,24,122,7494,2771,798,312,671,3462,117,3382,8433,6373,1585,1358,1151,39,313,648,398,15715,578,32506,1677,93,2907,452,262,7025,1016,1164,118,847,4389,247,56,2031,1468,100,846,24
1303,18,2918,374,7888,1763,4406,588,580,5206,3254,24,126,7517,2780,806,316,674,3498,118,3402,8450,6382,1588,1389,1161,40,310,676,400,15737,588,32520,1705,94,2920,461,269,7051,1017,1221,118,871,4505,251,56,2048,1480,101,859,25
1364,19,2974,380,8047,1771,4406,590,580,5345,3335,25,135,7540,2793,814,321,677,3558,118,3405,8468,6388,1592,1423,1172,42,311,704,402,15707,591,32558,1732,96,2945,474,271,7077,1018,1285,119,888,4738,260,56,2051,1488,101,865,25
1397,19,3063,386,8201,1786,4410,590,581,5518,3361,26,138,7560,2803,820,322,684,3574,118,3409,8484,6395,1601,1436,1202,43,316,709,405,15730,596,32594,1756,97,2968,477,273,7093,1018,1334,121,925,4934,267,56,2054,1497,102,878,25
1438,19,3143,394,8337,1790,4413,592,581,5653,3443,26,144,7577,2814,826,330,691,3715,118,3422,8498,6400,1606,1463,1208,46,316,722,407,15765,601,32596,1789,99,2997,484,282,7116,1018,1385,122,938,5116,273,56,2067,1510,103,878,25
1456,20,3286,399,8408,1794,4413,594,581,5777,3494,26,144,7589,2825,826,329,696,3715,119,3433,8510,6400,1611,1478,1213,46,316,732,409,15776,607,32608,1811,99,3026,496,282,7124,1021,1465,122,964,5291,274,56,2075,1522,103,891,25
1473,20,3305,401,8448,1794,4413,595,581,5854,3498,26,146,7590,2835,829,331,700,3763,119,3440,8529,6400,1614,1493,1222,46,316,734,409,15787,614,32630,1817,99,3045,496,289,7127,1022,1491,123,967,5416,274,56,2078,1537,103,892,25
1491,21,3304,408,8494,1799,4418,596,582,5931,3509,26,152,7608,2839,836,335,709,3786,119,3447,8536,6405,1616,1498,1234,47,317,739,409,15804,619,32645,1838,99,3069,496,289,7131,1023,1506,123,978,6112,281,56,2082,1545,104,893,25
1491,22,3408,428,8679,1807,4423,596,583,6117,3563,26,160,7638,2845,839,340,719,3812,121,3458,8551,6421,1620,1540,1245,51,321,759,409,15825,626,32653,1860,100,3100,509,303,7154,1024,1565,123,999,6325,286,56,2095,1559,108,906,26
1538,22,3454,434,8908,1822,4425,597,584,6333,3642,26,173,7654,2866,854,349,724,3883,121,3478,8580,6422,1629,1563,1252,54,324,780,411,15798,632,32658,1888,102,3134,523,311,7171,1024,1615,129,1020,6583,292,56,2125,1575,111,911,26
1565,23,3626,442,9026,1822,4431,597,584,6586,3671,26,177,7670,2875,865,357,731,3925,122,3488,8580,6443,1634,1611,1268,55,328,801,415,15809,635,32683,1922,103,3160,536,316,7194,1025,1667,129,1033,6839,300,57,2141,1588,112,919,26
1580,23,3694,453,9214,1838,4432,598,584,6843,3752,26,188,7692,2886,872,358,735,3949,123,3493,8609,6450,1640,1663,1278,60,332,830,415,15819,642,32689,1942,103,3184,541,322,7207,1026,1712,130,1060,6979,304,57,2174,1603,116,934,26
1603,24,3747,458,9345,1844,4432,600,584,7022,3825,26,197,7700,2899,874,358,740,3949,123,3506,8626,6457,1646,1693,1289,61,332,832,416,15830,651,32694,1979,103,3198,549,325,7219,1027,1751,134,1067,7267,310,57,2215,1619,116,947,26
1627,24,3765,464,9396,1844,4432,600,584,7084,3840,26,197,7714,2908,878,361,742,4007,123,3515,8638,6457,1654,1703,1290,61,332,832,417,15836,654,32710,1983,105,3221,550,326,7223,1029,1777,135,1073,7284,311,57,2218,1628,117,948,26
1633,25,3779,475,9441,1844,4437,600,586,7157,3842,26,200,7723,2917,884,367,744,4024,124,3523,8648,6467,1656,1711,1293,64,328,847,417,15846,655,32719,2043,105,3240,551,328,7224,1030,1793,135,1092,7448,314,57,2218,1638,117,949,27
1666,25,3845,490,9684,1849,4437,601,587,7402,3921,27,210,7742,2928,888,368,751,4051,123,3530,8657,6471,1660,1753,1306,64,332,862,418,15857,658,32725,2061,107,3256,566,333,7248,1032,1847,136,1117,7688,321,57,2244,1656,124,961,27
1695,25,3932,508,9808,1851,4437,606,587,7627,3984,27,217,7770,2933,900,372,752,4096,124,3536,8659,6478,1670,1804,1314,65,340,890,418,15842,667,32754,2085,108,3280,583,338,7254,1034,1894,137,1144,8069,327,57,2274,1677,124,970,27
1714,25,4002,515,10021,1852,4437,606,587,7747,4026,29,223,7791,2948,912,378,760,4146,124,3551,8691,6506,1677,1825,1319,65,340,900,419,15849,669,32756,2126,109,3305,593,339,7282,1034,1942,141,1186,8929,330,58,2299,1685,124,978,27
1735,25,4081,521,10133,1857,4441,606,589,7927,4117,31,229,7822,2962,915,380,764,4207,124,3565,8709,6524,1681,1848,1343,70,345,920,419,15849,675,32760,2160,110,3331,600,348,7296,1036,1962,144,1206,9205,335,58,2317,1702,127,990,28
1755,26,4137,535,10307,1857,4441,606,590,8109,4186,31,235,7840,2974,927,380,772,4207,125,3577,8721,6520,1689,1874,1347,75,345,949,419,15869,681,32768,2184,112,3349,603,355,7310,1037,2007,146,1215,9414,335,58,2322,1711,131,996,28
1768,26,4150,544,10377,1858,4441,606,591,8186,4199,31,237,7845,2981,931,380,773,4263,125,3585,8735,6519,1698,1896,1354,75,345,957,419,15874,685,32774,2192,112,3373,603,356,7311,1037,2031,146,1223,9523,336,58,2326,1722,139,998,28
1797,26,4154,555,10476,1862,4444,606,591,8277,4229,34,239,7846,2997,934,387,775,4287,125,3591,8741,6526,1701,1912,1361,75,348,963,419,15878,690,32781,2199,113,3398,605,357,7314,1038,2048,146,1233,9615,345,58,2327,1733,141,998,28
1847,26,4199,566,10523,1874,4444,608,593,8553,4351,34,246,7866,3010,946,393,783,4313,126,3604,8751,6533,1707,1944,1366,77,351,981,419,15890,693,32787,2248,118,3422,618,368,7343,1041,2098,146,1271,9593,349,58,2344,1741,147,1006,29
1882,27,4347,572,10753,1875,4450,608,593,8765,4456,38,246,7881,3025,953,397,790,4356,126,3612,8769,6539,1724,1989,1374,80,356,996,420,15885,695,32797,2280,120,3441,627,375,7380,1042,2144,147,1289,9897,351,58,2352,1755,153,1011,29
1890,27,4383,582,10870,1882,4450,608,594,8913,4538,40,251,7905,3040,960,403,796,4402,126,3620,8790,6555,1731,2011,1376,81,360,1030,422,15893,697,32805,2287,120,3470,638,383,7395,1042,2184,148,1313,10135,353,58,2363,1765,153,1018,30
1893,27,4423,587,11148,1888,4453,608,594,9141,4573,40,265,7932,3056,970,404,804,4430,126,3631,8810,6566,1739,2043,1385,81,361,1045,423,15903,703,32827,2313,121,3496,644,385,7434,1045,2204,150,1326,10439,360,58,2370,1780,157,1025,30
1896,28,4492,600,11218,1896,4453,608,597,9345,4669,40,269,7937,3068,975,406,810,4430,127,3636,8826,6586,1705,2080,1398,82,361,1069,423,15910,711,32833,2343,121,3515,657,386,7451,1045,2260,152,1345,10629,363,58,2381,1791,160,1038,30
1898,28,4506,599,11243,1896,4453,608,597,9452,4702,40,269,7955,3080,975,406,810,4507,127,3639,8838,6592,1752,2084,1403,82,361,1072,423,15912,714,32840,2347,125,3535,661,388,7453,1052,2269,153,1366,10763,363,58,2381,1802,160,1039,30
1925,28,4506,603,11296,1896,4456,610,597,9539,4727,40,273,7967,3103,987,407,818,4526,127,3641,8842,6592,1758,2095,1435,82,362,1077,423,15916,718,32846,2348,126,3549,665,388,7453,1054,2288,153,1387,10820,364,58,2385,1809,160,1039,30
1936,29,4529,619,11504,1899,4456,611,599,9758,4794,41,282,7994,3108,1002,411,830,4554,127,3650,8848,6608,1767,2127,1446,84,369,1102,424,15925,723,32857,2396,128,3572,679,397,7474,1059,2343,154,1424,11042,369,58,2396,1816,162,1039,30
1944,29,4634,631,11690,1900,4457,611,600,9932,4849,42,289,8017,3124,1010,415,842,4609,127,3661,8876,6618,1784,2163,1455,84,371,1134,427,15926,729,32865,2431,130,3595,699,408,7508,1059,2360,155,1452,11285,377,58,2410,1828,166,1060,34
1974,29,4684,641,11811,1903,4458,611,601,10049,4904,45,296,8044,3141,1016,419,856,4637,128,3669,8888,6634,1791,2190,1463,89,373,1172,428,15932,734,32861,2465,130,3619,709,412,7520,1062,2401,157,1488,11536,381,58,2427,1836,167,1067,34
1996,30,4688,663,11955,1910,4460,612,602,10168,4998,46,305,8066,3149,1029,426,864,4687,129,3674,8901,6634,1799,2214,1466,89,376,1185,428,15941,739,32864,2494,132,3649,715,414,7537,1064,2459,159,1549,11769,383,58,2436,1840,171,1068,37
2011,31,4756,674,12133,1918,4460,613,604,10274,5092,47,306,8083,3164,1033,426,872,4687,130,3685,8921,6655,1807,2237,1472,90,376,1197,429,15943,743,32871,2521,135,3675,725,417,7555,1065,2493,160,1563,11922,385,58,2443,1845,177,1081,37
2013,32,4771,687,12153,1918,4460,614,604,10325,5132,47,307,8089,3176,1037,426,872,4746,131,3691,8921,6659,1813,2240,1474,90,378,1197,429,15946,745,32883,2531,136,3704,726,417,7557,1066,2504,161,1567,12046,385,58,2467,1849,179,1081,37
2024,32,4771,696,12235,1919,4460,614,604,10397,5156,49,314,8097,3190,1047,429,884,4764,131,3694,8949,6663,1817,2248,1474,91,383,1200,429,15946,749,32887,2535,137,3727,730,420,7557,1067,2511,161,1588,12103,390,58,2471,1856,179,1081,37
2037,36,4792,711,12393,1926,4463,614,604,10580,5262,49,326,8126,3201,1059,430,895,4797,131,3707,8961,6684,1825,2315,1492,97,383,1230,429,15953,752,32918,2570,138,3752,744,428,7582,1068,2529,161,1628,12277,397,58,2494,1862,187,1094,37
2045,37,4896,732,12532,1927,4463,614,605,10733,5311,51,337,8163,3204,1071,442,902,4851,132,3717,8987,6690,1840,2373,1503,98,386,1250,429,15914,755,32921,2606,138,3774,763,433,7613,1069,2573,162,1648,12469,401,58,2515,1877,190,1100,37
2076,37,4929,739,12682,1931,4465,614,605,10868,5393,55,343,8186,3220,1091,444,910,4874,132,3722,9008,6706,1855,2399,1510,98,391,1271,431,15921,764,32926,2630,139,3797,778,438,7622,1071,2628,162,1673,12691,403,58,2527,1886,198,1111,37
2107,37,4978,756,12822,1937,4465,615,605,10957,5471,59,353,8206,3229,1108,445,918,4904,132,3727,9024,6712,1859,2413,1522,100,392,1287,432,15930,767,32934,2652,139,3821,786,447,7642,1073,2655,165,1701,12859,407,58,2550,1894,201,1113,37
2152,37,5007,772,12907,1942,4465,615,605,11105,5576,62,358,8217,3241,1100,449,921,4904,132,3746,9036,6712,1863,2427,1551,104,392,1302,432,15933,769,32938,2683,141,3839,797,454,7656,1075,2698,167,1725,12987,407,58,2568,1899,215,1119,37
2162,37,5030,784,12937,1942,4465,615,606,11119,5604,63,359,8228,3250,1113,449,929,4931,132,3752,9049,6748,1865,2441,1556,104,392,1302,432,15937,770,32951,2692,142,3859,799,458,7658,1077,2709,167,1747,13064,407,58,2569,1904,214,1122,37
2182,37,5029,797,13022,1945,4465,617,607,11187,5633,70,361,8235,3263,1120,451,933,4950,132,3755,9060,6753,1866,2473,1570,104,397,1305,432,15945,779,32957,2702,143,3883,800,459,7659,1078,2720,167,1754,13105,407,58,2580,1912,215,1122,37
2200,39,5044,814,13156,1946,4466,620,607,11374,5733,74,367,8273,3270,1125,456,948,4984,132,3761,9064,6767,1871,2493,1585,105,399,1313,432,15950,787,32966,2741,145,3908,808,464,7678,1080,2757,167,1781,13240,409,58,2612,1918,224,1130,37
2217,39,5065,841,13317,1952,4467,622,608,11501,5795,75,372,8300,3280,1133,461,966,5004,133,3766,9060,6781,1882,2526,1602,109,399,1336,432,15964,790,32972,2779,148,3933,821,468,7705,1082,2794,169,1797,13417,410,58,2641,1924,233,1142,41
2233,40,5130,861,13491,1955,4468,622,609,11650,5868,79,372,8324,3286,1136,471,976,5021,133,3778,9077,6791,1889,2536,1610,111,404,1363,432,15971,791,32976,2803,150,3955,835,470,7724,1085,2807,169,1815,13603,414,58,2652,1930,240,1146,41
2266,40,5171,873,13638,1955,4468,622,611,11750,5931,81,382,8362,3300,1158,481,987,5035,134,3789,9100,6798,1899,2558,1631,114,404,1375,432,15978,794,32982,2839,150,3970,846,475,7735,1086,2846,170,1837,13729,419,58,2662,1932,245,1153,42
2275,42,5207,882,13709,1971,4468,623,611,11811,5977,84,384,8385,3311,1164,481,993,5035,134,3796,9116,6806,1903,2569,1692,116,404,1388,432,15985,800,32987,2889,155,3989,850,480,7750,1087,2877,173,1862,13873,420,58,2677,1942,246,1168,42
2276,42,5221,894,13731,1972,4468,624,611,11849,6037,85,385,8390,3325,1167,481,996,5093,134,3799,9125,6806,1909,2584,1710,117,404,1389,433,15989,803,32987,2890,156,4009,853,481,7750,1088,2887,173,1865,13950,422,58,2678,1948,249,1168,42
2276,42,5219,908,13758,1973,4468,626,611,11871,6044,86,385,8398,3336,1170,485,996,5105,134,3804,9133,6810,1912,2585,1713,118,404,1393,433,15991,807,33002,2897,156,4026,853,482,7771,1089,2907,173,1869,13997,423,58,2684,1952,248,1168,42
2277,42,5221,917,13823,1973,4474,627,611,11915,6070,88,389,8405,3351,1185,485,997,5118,134,3807,9141,6811,1914,2585,1716,119,407,1393,433,15996,807,33016,2909,156,4043,854,486,7780,1091,2912,173,1896,14099,424,58,2686,1954,252,1168,42
2285,42,5251,928,13984,1977,4474,628,615,12110,6128,91,420,8433,3364,1204,499,1013,5140,134,3816,9146,6886,1921,2623,1728,122,421,1412,433,16008,813,33019,2958,157,4064,863,494,7794,1092,2942,173,1931,14229,427,58,2697,1958,255,1183,42
2301,42,5273,940,14087,1979,4478,628,616,12326,6204,94,407,8461,3376,1207,503,1035,5161,134,3824,9166,6894,1936,2656,1739,123,430,1429,434,16014,816,33019,2990,160,4084,876,497,7807,1093,2975,177,1988,14245,430,58,2708,1965,258,1193,42
2333,43,5288,953,14245,1985,4480,630,616,12502,6246,96,412,8505,3388,1216,516,1044,5202,134,3828,9180,6900,1949,2670,1746,131,437,1439,434,16023,818,33019,3023,164,4107,888,499,7829,1093,3028,177,2025,14522,431,58,2711,1972,264,1197,42
2350,44,5315,969,14331,1988,4480,630,616,12600,6287,97,415,8527,3392,1218,526,1057,5202,135,3836,9196,6911,1958,2685,1754,133,437,1449,435,16027,821,33023,3047,167,4129,899,505,7829,1096,3040,183,2064,14629,433,58,2722,1978,266,1209,42
2351,44,5322,981,14384,1988,4480,630,616,12608,6333,99,415,8541,3410,1220,528,1060,5235,136,3838,9210,6911,1971,2697,1758,135,434,1452,436,16031,823,33023,3052,168,4147,905,509,7829,1096,3064,184,2078,14709,433,58,2724,1983,267,1210,42
2355,44,5322,992,14439,1990,4485,631,616,12642,6353,99,419,8546,3424,1224,542,1065,5252,136,3839,9219,6921,1974,2706,1766,138,435,1456,436,16034,823,33030,3060,170,4164,905,509,7855,1098,3077,184,2097,14753,436,58,2743,1990,278,1210,42
2387,44,5344,1150,14595,1996,4485,632,616,12787,6397,100,423,8564,3436,1234,557,1074,5278,137,3849,9225,6932,1979,2734,1785,140,436,1482,438,16043,830,33038,3111,172,4176,912,519,7860,1100,3098,184,2127,14895,436,58,2839,1999,283,1220,42
2392,44,5371,1157,14698,2002,4487,634,617,12939,6419,103,429,8599,3444,1248,586,1082,5296,138,3855,9245,6943,1985,2756,1794,141,439,1494,438,16054,832,33042,3149,177,4187,924,521,7882,1105,3132,192,2151,15033,437,58,2884,2007,293,1228,50
2401,44,5409,1166,14804,2006,4488,634,619,13086,6474,107,434,8624,3459,1250,586,1093,5313,138,3861,9260,6955,1994,2780,1811,143,442,1506,438,16057,836,33070,3180,182,4209,930,521,7893,1105,3158,193,2164,15121,437,58,2920,2013,297,1231,49
2428,45,5451,1173,14903,2009,4492,634,619,13225,6536,120,438,8647,3471,1264,596,1101,5342,138,3869,9269,6954,2002,2792,1839,146,442,1524,438,16061,841,33085,3207,184,4234,939,521,7921,1107,3177,195,2196,15232,437,58,2949,2021,300,1238,49
2437,45,5467,1181,15022,2013,4492,635,619,13287,6599,120,441,8672,3481,1265,596,1108,5342,139,3876,9295,6969,2015,2809,1854,156,442,1528,438,16064,847,33081,3235,192,4241,943,525,7940,1111,3188,200,2216,15323,440,58,2990,2026,311,1241,49
2437,45,5477,1181,15016,2014,4492,635,620,13296,6602,120,443,8686,3488,1265,596,1111,5368,139,3879,9310,6969,2017,2810,1855,157,442,1531,438,16067,849,33087,3243,192,4254,946,526,7960,1115,3199,202,2218,15366,440,58,3015,2034,314,1242,49
2439,45,5478,1197,15056,2018,4495,636,621,13317,6604,120,447,8693,3499,1284,601,1112,5377,140,3883,9317,6981,2021,2810,1867,160,452,1531,438,16069,851,33159,3247,193,4270,948,529,7985,1117,3212,202,2233,15417,441,58,3021,2040,315,1244,49
2457,45,5498,1209,15192,2025,4496,638,621,13416,6673,120,451,8722,3514,1293,614,1119,5388,140,3895,9328,6997,2031,2846,1896,163,461,1546,438,16076,854,33263,3286,196,4288,962,532,8002,1118,3243,202,2261,15521,443,58,3060,2051,320,1251,49
2488,45,5525,1229,15294,2030,4497,640,621,13618,6769,122,454,8744,3531,1298,621,1124,5407,140,3902,9347,7013,2037,2870,1967,165,462,1556,438,16082,857,33264,3316,203,4310,970,538,8038,1118,3262,202,2277,15644,444,58,3089,2057,322,1259,50
2506,46,5559,1246,15394,2033,4499,642,621,13795,6816,124,457,8774,3544,1303,621,1137,5423,140,3909,9362,7019,2040,2874,1980,165,462,1564,438,16091,859,33269,3356,211,4327,981,539,8054,1119,3279,210,2312,15782,444,58,3113,2063,328,1265,50
2491,52,5587,1266,15522,2034,4501,643,623,13915,6874,127,458,8807,3557,1312,635,1149,5444,140,3917,9373,7027,2046,2894,2020,170,468,1573,438,16097,865,33283,3409,219,4351,993,542,8065,1120,3297,216,2352,15884,448,58,3136,2070,335,1274,50
2501,52,5622,1285,15585,2040,4501,646,624,14022,6914,131,460,8832,3581,1314,635,1154,5444,140,3925,9391,7044,2056,2911,2083,171,469,1582,439,16103,870,33286,3440,227,4363,1004,542,8083,1121,3323,218,2374,15987,448,58,3144,2074,337,1281,50
2501,56,5623,1308,15606,2041,4501,646,624,14032,6946,132,460,8845,3593,1316,635,1157,5465,140,3935,9404,7044,2060,2919,2082,173,470,1585,439,16106,870,33293,3441,231,4380,1006,543,8086,1121,3326,218,2377,16029,453,58,3159,2081,339,1281,50
2501,56,5624,1329,15633,2044,4503,648,624,14037,6961,132,460,8858,3613,1324,644,1162,5480,140,3938,9415,7051,2067,2921,2086,174,472,1585,439,16107,873,33302,3445,234,4399,1007,547,8088,1123,3337,218,2389,16092,453,58,3172,2088,342,1283,50
2517,56,5632,1350,15782,2046,4505,651,626,14143,6994,134,464,8881,3632,1341,651,1170,5490,141,3946,9423,7072,2072,2957,2095,177,478,1593,439,16117,875,33310,3494,239,4420,1018,555,8101,1124,3359,223,2420,16179,457,58,3187,2093,350,1300,50
2540,56,5650,1369,15886,2051,4508,652,627,14317,7021,136,469,8916,3645,1358,678,1174,5511,141,3949,9456,7083,2089,2969,2098,180,478,1600,439,16122,877,33324,3532,246,4438,1031,559,8130,1125,3378,223,2454,16288,459,58,3208,2100,355,1327,50
2548,58,5674,1384,15974,2054,4511,654,628,14444,7063,139,472,8940,3663,1366,678,1191,5519,141,3949,9480,7102,2102,2979,2103,181,493,1603,441,16140,882,33332,3579,256,4458,1035,560,8144,1127,3400,236,2501,16402,459,58,3228,2110,359,1348,53
2550,58,5693,1391,16064,2057,4513,658,629,14554,7106,142,474,8992,3681,1377,698,1197,5545,141,3950,9490,7110,2112,2999,2175,186,493,1609,442,16131,887,33372,3608,264,4468,1044,563,8162,1129,3409,237,2515,16501,474,58,3250,2117,361,1353,53
2558,59,5705,1407,16120,2060,4513,660,629,14628,7133,153,480,9023,3705,1381,698,1205,5545,142,3957,9507,7124,2126,3011,2193,186,497,1620,442,16135,890,33375,3629,271,4483,1051,571,8180,1131,3442,248,2560,16571,476,58,3270,2123,363,1372,53
2558,59,5706,1425,16147,2068,4513,661,631,14671,7162,156,482,9040,3720,1387,698,1209,5577,142,3958,9510,7124,2133,3013,2202,187,501,1623,443,16136,892,33389,3634,274,4496,1051,572,8195,1133,3453,248,2577,16601,478,58,3273,2127,364,1377,53
2559,59,5707,1447,16171,2069,4517,663,631,14712,7192,157,487,9054,3733,1398,706,1214,5586,142,3961,9530,7139,2136,3013,2204,190,503,1623,443,16138,894,33402,3637,277,4512,1055,572,8207,1137,3456,248,2597,16717,482,58,3276,2135,367,1381,53
2580,59,5713,1469,16245,2081,4521,663,631,14767,7229,160,492,9085,3748,1413,706,1218,5592,142,3967,9538,7161,2140,3027,2225,192,507,1629,446,16147,894,33409,3670,280,4535,1066,581,8223,1137,3471,248,2621,16808,488,58,3291,2146,370,1399,53
2601,60,5733,1482,16338,2085,4522,666,631,14904,7259,163,500,9127,3766,1419,723,1223,5604,142,3973,9557,7169,2154,3051,2254,193,507,1636,446,16152,896,33421,3693,304,4561,1075,583,8247,1139,3502,258,2642,16928,496,58,3303,2151,375,1415,53
2637,61,5743,1503,16418,2095,4527,668,634,15068,7294,164,503,9159,3789,1433,747,1234,5609,142,3979,9565,7193,2160,3074,2284,197,514,1649,448,16161,899,33429,3722,310,4588,1085,594,8268,1143,3514,272,2705,17034,501,58,3328,2158,376,1424,54
2653,61,5746,1530,16491,2103,4530,670,634,15186,7348,166,506,9191,3814,1454,771,1242,5635,143,3990,9577,7200,2174,3080,2409,206,514,1657,450,16164,902,33461,3747,321,4605,1091,597,8292,1146,3530,277,2732,17130,505,58,3344,2165,382,1440,54
2664,61,5759,1552,16569,2112,4530,671,636,15186,7393,168,507,9221,3831,1459,773,1249,5635,143,3995,9587,7219,2184,3096,2436,209,519,1659,455,16171,907,33466,3765,336,4631,1095,599,8324,1148,3551,286,2758,17208,510,58,3354,2168,387,1458,54
2664,61,5759,1569,16580,2113,4530,675,637,15364,7416,169,507,9230,3852,1462,774,1252,5655,143,3999,9604,7219,2194,3101,2437,210,519,1661,456,16174,911,33469,3770,337,4648,1098,599,8330,1154,3552,286,2767,17239,517,58,3358,2171,385,1465,54
2665,61,5759,1586,16586,2116,4532,676,637,15412,7429,169,510,9243,3875,1481,787,1255,5669,143,4003,9617,7225,2197,3101,2437,212,522,1664,456,16175,915,33482,3773,345,4676,1104,599,8347,1159,3559,288,2774,17271,522,58,3361,2183,388,1474,54
2665,61,5767,1611,16646,2153,4533,677,637,15531,7454,173,512,9273,3904,1491,799,1269,5679,143,4012,9630,7255,2204,3115,2437,217,527,1674,456,16182,918,33490,3816,357,4698,1119,605,8361,1166,3576,288,2797,17360,522,58,3372,2187,390,1508,57
2706,65,5772,1634,16738,2160,4537,678,638,15595,7470,183,516,9320,3924,1505,838,1276,5695,143,4022,9647,7268,2233,3140,2542,225,530,1691,458,16191,921,33500,3856,365,4717,1132,608,8391,1168,3593,291,2828,17464,527,58,3381,2196,393,1536,57
2756,65,5789,1645,16832,2162,4540,682,638,15736,7492,184,517,9373,3959,1516,838,1296,5707,144,4028,9672,7302,2252,3152,2474,230,535,1698,463,16197,922,33524,3874,370,4742,1143,611,8413,1170,3607,304,2864,17558,529,58,3388,2200,395,1553,57
2786,66,5806,1665,16912,2172,4542,683,641,15830,7556,185,523,9425,4001,1524,859,1300,5727,145,4032,9702,7317,2265,3160,2492,235,547,1707,465,16202,928,33533,3910,388,4768,1154,617,8434,1172,3615,307,2871,17653,537,58,3408,2205,398,1574,57
2788,67,5824,1684,16958,2176,4542,686,641,15917,7607,186,529,9452,4025,1528,859,1312,5727,146,4036,9723,7340,2270,3171,2595,239,547,1707,466,16204,929,33547,3929,399,4801,1162,619,8442,1174,3637,315,2903,17723,540,58,3422,2211,401,1574,57
2788,67,5827,1704,16979,2176,4542,688,641,15967,7638,187,528,9474,4055,1532,859,1318,5750,146,4037,9737,7340,2287,3171,2609,241,548,1710,466,16211,934,33559,3934,404,4828,1171,620,8465,1176,3650,323,2909,17753,543,58,3433,2221,402,1574,57
2789,67,5830,1714,16982,2180,4554,692,641,16021,7657,187,531,9496,4075,1548,872,1326,5766,146,4041,9753,7363,2292,3171,2617,241,554,1712,468,16214,935,33575,3939,408,4857,1173,627,8475,1177,3661,323,2922,17777,546,58,3457,2231,402,1600,57
2805,67,5837,1728,17058,2182,4559,695,642,16105,7674,189,535,9537,4111,1576,895,1342,5772,146,4050,9758,7383,2299,3202,2643,252,565,1727,468,16227,942,33582,3992,412,4883,1191,633,8516,1181,3696,330,2952,17851,551,58,3485,2237,411,1633,61
2828,68,5854,1751,17169,2194,4567,697,642,16210,7704,203,546,9605,4144,1594,952,1363,5784,146,4058,9780,7418,2334,3223,2670,275,576,1732,469,16245,950,33589,4032,422,4919,1210,635,8546,1184,3708,333,2970,17944,557,58,3515,2248,414,1681,61
2843,68,5859,1772,17257,2198,4569,701,642,16267,7729,206,553,9647,4180,1601,952,1380,5799,146,4070,9810,7464,2354,3231,2686,278,587,1736,470,16263,953,33614,4082,431,4953,1221,635,8574,1187,3755,347,3011,17961,563,58,3524,2259,420,1703,68
2859,68,5865,1782,17305,2211,4577,705,642,16340,7766,209,562,9688,4209,1629,975,1396,5820,146,4078,9830,7484,2367,3238,2718,282,591,1738,471,16273,960,33625,4114,440,4987,1234,649,8608,1190,3777,356,3076,18077,567,58,3539,2266,424,1745,68
2866,68,5869,1797,17343,2218,4577,709,642,16417,7808,212,572,9751,4234,1634,975,1404,5820,146,4091,9839,7522,2381,3255,2827,294,595,1743,473,16281,965,33634,4144,448,5019,1245,653,8636,1191,3793,366,3100,18214,568,58,3578,2277,424,1770,68
2866,68,5874,1812,17358,2223,4577,716,642,16429,7809,212,573,9775,4264,1635,975,1407,5837,146,4096,9864,7522,2402,3255,2839,297,596,1748,473,16285,967,33642,4157,456,5059,1249,653,8647,1193,3802,375,3131,18261,572,58,3579,2285,425,1778,68
2866,68,5875,1833,17386,2226,4589,717,642,16449,7827,212,580,9792,4306,1657,976,1410,5854,146,4099,9881,7552,2406,3263,2835,303,603,1749,475,16292,976,33650,4170,461,5089,1251,655,8659,1196,3823,375,3163,18299,574,58,3581,2294,426,1788,77
2892,70,5891,1857,17464,2236,4595,717,644,16505,7844,215,585,9838,4346,1680,983,1428,5872,146,4108,9888,7585,2421,3283,2874,305,620,1756,475,16306,980,33666,4211,476,5129,1273,664,8683,1201,3842,375,3207,18383,578,58,3600,2304,434,1852,77
2911,71,5905,1875,17529,2249,4604,721,644,16571,7876,213,599,9889,4381,1691,1007,1442,5890,146,4115,9924,7606,2440,3302,2903,325,628,1766,478,16324,991,33675,4245,488,5171,1286,671,8707,1204,3876,384,3241,18489,588,58,3616,2316,438,1897,77
2914,77,5918,1894,17561,2268,4609,729,645,16648,7923,215,615,9945,4420,1705,1008,1461,5908,146,4127,9951,7653,2472,3310,2910,337,637,1769,482,16332,994,33694,4283,499,5211,1306,673,8743,1208,3889,403,3263,18606,598,58,3636,2320,445,1948,87
2932,81,5934,1900,17619,2278,4616,731,646,16720,7955,216,626,9994,4469,1714,1029,1476,5919,146,4137,9975,7665,2491,3328,2961,364,646,1777,482,16339,1007,33724,4332,512,5252,1326,675,8774,1213,3896,415,3341,18714,601,58,3643,2331,453,1972,87
2967,82,5979,1925,17660,2285,4616,735,646,16761,7979,219,629,10040,4504,1716,1029,1485,5919,147,4147,9991,7699,2511,3334,3055,375,652,1777,483,16350,1018,33730,4378,524,5289,1337,689,8800,1216,3935,425,3353,18788,604,58,3654,2345,459,2031,87
2973,85,5979,1958,17672,2288,4616,738,646,16789,7981,219,630,10075,4544,1733,1029,1489,5926,147,4152,10013,7699,2529,3348,3056,376,654,1781,483,16354,1026,33752,4383,531,5341,1345,691,8803,1220,3936,437,3353,18840,614,58,3655,2353,460,2047,87
2973,86,5982,1985,17700,2292,4627,740,647,16834,7999,219,632,10093,4587,1756,1046,1492,5934,148,4155,10023,7716,2538,3348,3061,386,656,1784,483,16357,1036,33763,4390,540,5389,1354,692,8812,1226,3946,438,3379,18882,614,58,3658,2358,461,2050,97
2987,86,6020,2003,17752,2311,4635,744,647,16890,8479,219,647,10161,4630,1780,1057,1503,5951,148,4162,10035,7761,2553,3384,3095,399,660,1807,483,16371,1045,33773,4457,555,5442,1375,701,8842,1227,3968,446,3454,18987,620,58,3666,2368,471,2102,93
3006,86,6059,2026,17820,2333,4645,745,647,16922,8522,219,664,10216,4682,1801,1087,1514,5975,150,4172,10062,7782,2584,3397,3119,404,669,1814,484,16391,1059,33793,4507,567,5495,1392,705,8878,1231,3985,460,3478,19127,625,58,3677,2380,474,2156,105
3026,86,6087,2037,17870,2353,4656,747,650,16961,8578,219,671,10313,4722,1814,1087,1534,5995,150,4182,10085,7833,2609,3405,3137,407,674,1824,486,16403,1082,33857,4548,596,5550,1413,710,8923,1235,3992,482,3509,19255,632,58,3688,2392,482,2194,105
3049,86,6109,2056,17938,2376,4671,749,652,17014,8608,219,679,10397,4779,1828,1166,1544,6016,150,4194,10106,7880,2645,3419,3161,419,701,1845,488,16416,1088,33872,4582,613,5602,1429,716,8964,1240,4005,510,3541,19386,649,58,3682,2406,489,2256,105
3082,86,6147,2068,17961,2389,4671,752,654,17100,8647,220,683,10488,4828,1842,1166,1561,6016,151,4201,10129,7945,2679,3433,3182,445,703,1850,489,16425,1104,33884,4605,628,5673,1429,729,9001,1241,4015,523,3590,19489,658,59,3704,2411,503,2301,114
3084,86,6164,2085,17977,2394,4671,753,654,17121,8648,221,686,10538,4888,1845,1166,1565,6036,152,4212,10149,7945,2710,3443,3185,456,703,1851,489,16429,1118,33903,4607,639,5732,1438,730,9005,1247,4036,536,3595,19535,659,59,3707,2422,504,2312,114
3084,86,6164,2108,18036,2408,4698,755,655,17179,8677,221,698,10563,4932,1872,1181,1576,6048,153,4221,10163,8008,2729,3443,3185,457,710,1852,489,16440,1130,33923,4615,644,5809,1444,734,9008,1251,4041,537,3610,19589,661,59,3713,2432,535,2329,114
3120,94,6192,2112,18076,2427,4707,758,657,17248,8730,222,714,10645,4992,1898,1181,1590,6058,156,4233,10184,8094,2752,3480,3323,462,730,1859,489,16461,1144,33939,4660,674,5882,1451,737,9079,1257,4062,540,3672,19710,672,59,3726,2446,546,2395,127
3201,98,6228,2126,18111,2443,4716,760,657,17300,8806,222,733,10798,5051,1927,1215,1604,6058,158,4249,10222,8136,2810,3497,3347,472,731,1877,492,16476,1158,33961,4698,686,5941,1470,742,9136,1266,4076,567,3761,19849,678,59,3741,2453,553,2457,127
3213,98,6240,2144,18141,2468,4726,762,657,17372,8881,222,749,10846,5094,1946,1215,1622,6097,159,4261,10242,8185,2849,3514,3370,472,756,1880,495,16495,1176,33975,4706,697,6019,1481,746,9182,1271,4084,567,3788,20124,687,59,3758,2466,555,2621,127
3231,99,6257,2148,18218,2504,4737,765,657,17445,8905,222,752,10891,5140,1972,1256,1647,6121,162,4273,10265,8308,2895,3519,3391,477,775,1893,498,16522,1198,33993,4720,707,6090,1493,753,9210,1273,4101,568,3852,20153,701,59,3785,2477,565,2683,127
3246,100,6300,2159,18255,2525,4737,766,658,17489,8956,222,759,11088,5191,1985,1256,1658,6121,163,4293,10293,8376,2930,3540,3406,514,779,1908,499,16548,1208,34010,4756,726,6153,1516,759,9252,1283,4110,621,3877,20283,710,59,3799,2493,574,2739,144
3248,100,6302,2183,18265,2546,4737,769,660,17518,8957,222,759,11162,5260,1989,1256,1661,6132,165,4302,10329,8376,2961,3543,3409,520,779,1909,499,16566,1215,34032,4806,736,6228,1528,761,9290,1291,4112,644,3893,20373,718,59,3800,2505,582,2751,144
3249,100,6302,2225,18306,2578,4759,773,660,17559,8967,222,763,11204,5323,2023,1266,1664,6139,165,4309,10340,8431,2973,3545,3424,522,797,1917,500,16580,1236,34054,4814,743,6297,1538,765,9310,1297,4143,644,3923,20420,723,59,3806,2520,585,2764,144
3301,102,6312,2245,18362,2608,4771,776,660,17644,9008,222,798,11317,5405,2064,1266,1697,6156,166,4335,10360,8511,2999,3581,3488,543,816,1944,502,16618,1264,34156,4852,775,6376,1544,778,9346,1302,4156,644,3995,20536,732,59,3835,2532,598,2867,155
3347,102,6365,2275,18470,2651,4784,779,665,17731,9065,223,812,11468,5479,2102,1326,1712,6184,170,4351,10407,8573,3066,3601,3510,561,826,1947,504,16655,1290,34187,4898,791,6473,1570,788,9463,1309,4182,674,4048,20714,740,60,3860,2545,612,2925,155
3419,103,6384,2297,18562,2730,4805,782,667,17810,9102,223,835,11648,5556,2127,1326,1742,6199,171,4372,10435,8717,3138,3619,3542,561,854,1953,506,16689,1302,34215,4936,801,6579,1588,808,9569,1314,4201,705,4128,20924,756,61,3896,2557,623,3010,176
3451,103,6427,2321,18651,2745,4828,784,669,17889,9142,224,845,11795,5628,2159,1410,1762,6233,173,4398,10469,8774,3206,3642,3580,567,897,1982,507,16712,1325,34252,4979,824,6700,1603,812,9676,1321,4231,741,4202,21096,773,62,3912,2573,639,3091,176
3457,104,6457,2337,18710,2787,4828,786,670,17930,9179,231,847,11952,5697,2191,1410,1783,6233,174,4415,10488,8875,3257,3657,3597,600,905,2011,508,16746,1350,34296,5005,840,6822,1624,819,9775,1331,4274,777,4211,21249,787,63,3938,2595,658,3143,176
3457,105,6464,2357,18727,2806,4828,790,670,17991,9198,233,849,12051,5774,2202,1410,1787,6260,176,4434,10512,8875,3297,3676,3601,603,909,2017,512,16761,1383,34319,5034,846,6951,1634,820,9816,1343,4283,819,4266,21340,793,63,3938,2612,662,3150,176
3459,105,6464,2387,18783,2810,4871,796,672,18085,9215,233,866,12112,5860,2222,1456,1792,6284,177,4448,10531,8940,3321,3676,3609,614,934,2023,512,16772,1400,34345,5039,852,7058,1649,826,9846,1355,4288,819,4301,21395,797,63,3942,2631,667,3158,202
3472,118,6515,2405,18883,2860,4881,800,673,18157,9221,233,874,12262,5941,2270,1456,1809,6323,189,4481,10551,9094,3359,3729,3793,630,934,2047,513,16819,1428,34368,5074,889,7184,1664,847,9924,1367,4313,821,4372,21589,808,64,3979,2645,682,3272,202
3532,118,6524,2425,18984,2906,4926,802,677,18254,9297,235,895,12440,6021,2312,1503,1835,6350,190,4518,10604,9170,3434,3745,3831,652,950,2071,514,16886,1451,34396,5138,893,7322,1680,867,10070,1374,4317,849,4466,21784,834,64,4008,2662,695,3343,215
3572,120,6568,2436,19026,2957,4926,805,677,18254,9336,237,895,12596,6112,2349,1503,1835,6350,190,4547,10604,9170,3434,3763,3864,658,982,2093,514,16925,1469,34451,5138,903,7431,1680,867,10172,1386,4317,849,4519,21965,834,64,4029,2681,712,3415,215
3572,120,6588,2436,19090,2977,4961,810,677,18363,9380,240,909,12686,6196,2360,1529,1871,6391,190,4569,10635,9357,3535,3769,3865,657,984,2095,517,16942,1504,34489,5210,908,7574,1704,885,10195,1395,4346,888,4526,22026,849,67,4044,2695,712,3434,215
3572,122,6624,2449,19132,2983,4961,813,678,18442,9424,240,913,12838,6270,2375,1529,1885,6391,191,4602,10676,9467,3580,3779,3873,669,989,2119,523,16965,1527,34526,5219,921,7722,1717,896,10234,1399,4346,942,4541,22130,863,67,4054,2714,718,3464,215
3577,122,6634,2470,19152,3003,4961,817,680,18500,9442,244,920,12882,6351,2399,1529,1896,6407,191,4625,10722,9467,3637,3806,3879,671,989,2136,526,16978,1540,34573,5240,926,7872,1736,905,10297,1408,4353,943,4554,22199,868,67,4058,2731,729,3487,215
3578,122,6639,2502,19214,3037,5020,820,680,18597,9452,244,929,12985,6432,2426,1560,1908,6420,194,4641,10748,9564,3652,3807,3890,681,1018,2144,526,16993,1568,34625,5261,933,8025,1743,912,10335,1415,4381,946,4602,22271,871,69,4062,2762,735,3494,215
3638,123,6687,2512,19331,3109,5040,826,685,18679,9515,244,960,13131,6518,2449,1560,1943,6455,214,4673,10778,9759,3674,3836,4055,698,1080,2164,528,17083,1589,34686,5284,960,8178,1758,936,10504,1428,4404,948,4638,22473,890,72,4093,2783,758,3611,239
3711,123,6739,2522,19446,3193,5091,829,690,18776,9567,244,991,13397,6617,2518,1679,1943,6501,218,4715,10824,9842,3751,3851,4106,713,1128,2202,537,17145,1629,34745,5366,972,8342,1812,953,10676,1442,4444,995,4688,22684,906,74,4113,2806,778,3703,239
3776,131,6821,2555,19594,3320,5111,834,692,18874,9648,246,1014,13625,6704,2603,1679,2014,6524,220,4764,10874,10035,3843,3879,4170,722,1159,2250,544,17209,1673,34812,5410,983,8490,1836,973,10871,1454,4466,1033,4781,22910,917,75,4147,2823,789,3773,266
3831,142,6885,2586,19798,3338,5146,838,693,18994,9725,256,1032,13782,6802,2665,1786,2039,6548,224,4790,10910,10117,3904,3916,4245,727,1186,2272,552,17255,1706,34869,5467,995,8676,1860,1003,11052,1466,4496,1064,4876,23142,925,77,4160,2849,799,3842,266
3877,143,6925,2620,19883,3357,5146,842,695,19084,9793,261,1032,14017,6899,2682,1786,2062,6548,227,4820,10953,10321,3979,3949,4305,734,1194,2301,559,17306,1738,34939,5516,1013,8851,1874,1027,11191,1482,4517,1091,4905,23353,939,79,4197,2867,829,3934,266
3889,143,6950,2660,19939,3356,5146,849,697,19177,9806,262,1035,14116,6987,2717,1786,2072,6584,227,4846,11004,10321,4043,3961,4313,736,1205,2315,564,17321,1749,34997,5543,1019,9028,1896,1033,11255,1497,4566,1110,4943,23433,939,79,4200,2883,838,3952,266
3892,146,6950,2713,20055,3358,5224,854,701,19282,9851,262,1055,14216,7081,2723,1856,2082,6607,227,4865,11035,10422,4064,3961,4318,742,1236,2319,566,17336,1756,35080,5560,1028,9202,1911,1045,11319,1521,4579,1110,5009,23491,949,81,4208,2905,841,3973,289
3942,146,6973,2752,20275,3372,5242,857,701,19378,9873,262,1074,14384,7187,2724,1856,2102,6652,239,4916,11076,10625,4086,4017,4459,763,1271,2359,566,17426,1756,35170,5605,1028,9391,1922,1080,11521,1542,4585,1111,5109,23661,972,85,4260,2915,870,4054,289
3985,150,7081,2786,20469,3639,5285,870,704,19462,9921,266,1103,14613,7289,2724,1941,2118,6684,246,4962,11166,10706,4168,4041,4499,771,1294,2384,570,17542,1823,35236,5661,1086,9576,1945,1110,11726,1557,4612,1147,5171,23930,995,86,4281,2922,901,4142,299
4034,155,7154,2820,20641,3759,5327,876,708,19591,9975,268,1136,14845,7395,2724,1941,2146,6724,246,5012,11209,10900,4257,4083,4573,781,1329,2434,584,17608,1846,35323,5714,1109,9769,1980,1123,11961,1583,4627,1177,5240,24127,1016,89,4335,2933,921,4209,299
4086,158,7245,2875,20859,3846,5363,880,709,19714,10031,269,1151,15067,7505,3193,2072,2168,6767,250,5064,11257,10965,4351,4124,4580,805,1343,2479,590,17662,1889,35420,5752,1130,9950,2007,1138,12183,1603,4673,1210,5327,24359,1025,93,4370,2939,938,4266,321
4102,176,7322,2911,20977,3871,5363,887,713,19785,10075,271,1169,15232,7600,3208,2072,2192,6767,257,5100,11307,11195,4418,4180,4631,816,1365,2520,600,17732,1913,35504,5796,1152,10133,2042,1150,12371,1622,4685,1243,5400,24542,1038,95,4409,2941,966,4324,321
4102,176,7357,2945,21046,3958,5363,900,715,19866,10076,274,1175,15339,7689,3209,2072,2207,6818,257,5117,11349,11195,4503,4199,4638,818,1373,2539,603,17751,1957,35620,5823,1152,10312,2064,1155,12490,1652,4739,1259,5462,24637,1055,95,4411,2941,968,4339,321
4102,176,7358,2990,21144,3969,5444,906,716,20003,10104,274,1194,15455,7796,3269,2109,2224,6845,259,5142,11388,11289,4521,4204,4642,818,1418,2548,604,17775,1978,35702,5855,1157,10494,2072,1161,12552,1667,4751,1259,5541,24684,1062,96,4414,2941,978,4352,321
4124,179,7422,3016,21496,4085,5466,913,720,20082,10160,274,1214,15587,7888,3336,2109,2239,6895,265,5206,11443,11495,4542,4252,4866,826,1438,2595,604,17872,2006,35831,5881,1170,10677,2086,1213,12796,1683,4756,1261,5615,24894,1077,100,4470,2941,1012,4408,328
4198,181,7530,3074,21889,4156,5506,926,720,20204,10228,278,1231,15777,7980,3350,2247,2262,6933,267,5270,11513,11588,4634,4294,4929,836,1448,2651,625,18003,2049,35941,5979,1195,10886,2128,1262,13109,1702,4800,1300,5668,25160,1096,105,4508,3042,1039,4493,328
4254,183,7677,3112,22177,4226,5552,932,725,20305,10294,280,1259,15985,8093,3450,2253,2316,6964,276,5319,11558,11801,4717,4320,4980,849,1453,2671,629,18080,2103,36067,6065,1204,11090,2144,1283,13329,1719,4843,1301,5845,25406,1126,105,4553,3117,1071,4561,351
4296,183,7819,3139,22442,4259,5581,939,728,20401,10332,281,1275,16206,8200,3450,2341,2344,6994,281,5358,11610,11868,4782,4354,5009,854,1470,2706,638,18124,2128,36199,6125,1225,11297,2161,1304,13549,1734,4872,1329,5960,25736,1140,107,4598,3104,1091,4632,351
4389,184,7937,3191,22599,4339,5581,952,730,20473,10381,281,1275,16326,8294,3532,2341,2371,6994,292,5412,11657,12074,4839,4390,5077,864,1475,2749,650,18173,2155,36318,6184,1231,11479,2189,1340,13754,1754,4895,1350,5960,25920,1148,108,4643,3104,1122,4722,351
4389,184,7971,3237,22677,4368,5581,966,737,20568,10383,282,1280,16407,8380,3588,2341,2397,7042,292,5448,11717,12074,4909,4409,5105,865,1486,2779,656,18194,2171,36431,6224,1231,11667,2212,1341,13834,1768,4935,1361,6071,26034,1155,111,4650,3104,1128,4743,351
4389,184,7972,3295,22929,4378,5676,973,742,20680,10399,282,1301,16527,8487,3588,2448,2412,7107,293,5471,11759,12153,4931,4411,5117,881,1511,2785,656,18223,2180,36568,6240,1233,11857,2218,1347,13890,1779,4962,1381,6136,26144,1161,111,4654,3106,1129,4751,351
4452,194,8125,3338,23306,4369,5703,980,744,20754,10463,282,1313,16671,8566,3652,2448,2440,7158,303,5519,11804,12342,4955,4490,5330,895,1521,2823,656,18326,2203,36724,6291,1238,12055,2240,1382,14197,1797,4976,1381,6269,26322,1173,112,4705,3131,1171,4879,373
4587,197,8179,3376,23651,4462,5736,989,751,20874,10519,285,1324,16842,8658,3667,2493,2466,7226,311,5568,11887,12415,5030,4533,5435,914,1561,2869,677,18466,2243,36876,6360,1243,12209,2283,1403,14440,1807,5028,1389,6380,26580,1196,117,4760,3162,1194,4953,373
4676,199,8294,3406,23955,4550,5791,998,756,20995,10582,285,1349,16960,8731,3738,2503,2466,7272,317,5627,11963,12415,5109,4556,5480,916,1568,2914,690,18544,2272,37028,6360,1260,12349,2328,1415,14707,1824,5043,1430,6431,26868,1204,120,4791,3184,1228,5019,373
4680,199,8409,3438,23991,4586,5791,1009,756,20995,10631,285,1349,17154,8811,3743,2503,2466,7272,319,5659,11963,12415,5109,4562,5489,916,1558,2941,690,18595,2307,37158,6360,1264,12504,2328,1415,14837,1845,5043,1430,6431,27051,1204,120,4820,3184,1247,5025,373
4685,200,8424,3441,24225,4592,5791,1017,762,21135,10685,285,1354,17224,8904,3743,2503,2534,7272,319,5680,12010,12690,5166,4565,5500,919,1559,2942,701,18613,2316,37286,6526,1264,12684,2357,1422,14858,1856,5124,1446,6443,27075,1212,121,4840,3184,1253,5029,373
4691,200,8427,3482,24289,4610,5791,1032,768,21212,10689,285,1354,17336,8996,3744,2503,2555,7291,323,5712,12110,12690,5206,4606,5501,924,1559,2950,708,18630,2346,37411,6549,1266,12857,2370,1427,14969,1869,5155,1446,6512,27130,1214,127,4854,3184,1254,5039,373
4712,200,8469,3537,24546,4631,5904,1041,771,21308,10696,285,1377,17470,9097,3744,2544,2563,7336,326,5740,12158,12754,5219,4634,5507,927,1587,2971,715,18651,2382,37548,6561,1270,13039,2383,1433,15055,1883,5173,1446,6588,27205,1219,129,4861,3195,1263,5060,405
4737,201,8640,3603,24988,4687,5924,1047,775,21409,10779,285,1393,17596,9216,3812,2569,2594,7397,333,5803,12218,12966,5255,4719,5608,939,1603,3016,735,18777,2403,37687,6574,1276,13199,2405,1449,15343,1900,5198,1446,6710,27436,1235,130,4920,3369,1284,5152,405
4774,203,8718,3637,25417,4750,5964,1055,780,21546,10846,285,1403,17811,9314,3822,2736,2623,7448,334,5848,12338,13018,5321,4747,5694,950,1611,3063,741,18952,2436,37840,6729,1282,13345,2453,1468,15665,1911,5249,1464,6810,27741,1256,134,4984,3420,1318,5192,405
4827,206,8864,3676,25986,4814,5995,1061,786,21673,10934,288,1436,17978,9390,3891,2736,2623,7488,347,5895,12423,13018,5382,4787,5724,961,1651,3122,759,19042,2477,37983,6748,1299,13494,2489,1477,15947,1930,5296,1488,6907,28066,1269,136,5032,3461,1338,5242,438
4872,206,9015,3711,26363,4873,5995,1065,788,21673,10958,289,1436,17978,9468,3898,2872,2623,7488,352,5942,12423,13018,5382,4816,5747,961,1668,3143,759,19160,2502,38155,6748,1316,13637,2489,1477,16155,1944,5296,1488,6907,28359,1269,136,5081,3461,1361,5254,438
4872,215,9061,3729,26551,4912,6099,1072,792,21890,10960,289,1448,18217,9562,3946,2872,2698,7488,358,5967,12502,13306,5436,4840,5751,971,1669,3148,769,19187,2534,38273,6892,1317,13789,2527,1492,16179,1957,5385,1501,6970,28442,1294,139,5117,3461,1373,5256,438
4873,215,9061,3749,26638,4934,6099,1080,794,21987,10964,289,1448,18322,9625,3946,2872,2723,7537,359,5994,12610,13306,5489,4871,5770,972,1672,3180,780,19208,2551,38415,6910,1317,13922,2547,1500,16230,1974,5469,1513,7025,28496,1301,140,5124,3459,1376,5261,438
4878,218,9064,3800,27017,4944,6168,1085,797,22090,10971,289,1459,18412,9735,3992,2890,2749,7585,361,6027,12671,13391,5502,4884,5772,975,1682,3206,781,19225,2574,38599,6941,1319,14083,2552,1506,16335,1992,5484,1513,7168,28570,1305,144,5132,3482,1396,5269,438
4886,218,9317,3836,27519,4991,6192,1093,801,22188,11072,289,1471,18562,9800,3999,2985,2772,7635,369,6082,12734,13608,5520,4975,5987,1005,1692,3235,792,19382,2594,38743,6996,1336,14216,2571,1550,16536,2005,5498,1513,7267,28808,1312,149,5191,3541,1442,5366,464
4994,220,9444,3901,28079,5050,6230,1102,806,22317,11165,299,1488,18735,9883,4060,3020,2806,7681,372,6132,12836,13667,5596,5013,6022,1015,1703,3295,816,19523,2641,38912,7076,1341,14366,2633,1558,16915,2024,5582,1519,7379,29118,1330,152,5226,3605,1481,5435,464
5080,223,9741,3926,28566,5102,6287,1112,808,22481,11230,299,1517,18941,9958,4065,3020,2843,7728,385,6173,12909,13873,5640,5013,6094,1038,1719,3339,827,19646,2680,39118,7213,1348,14482,2672,1568,17173,2035,5661,1544,7492,29498,1359,155,5275,3634,1518,5477,489
5191,223,9938,3966,29126,5138,6324,1116,809,22666,11314,303,1523,19108,10021,4124,3141,2856,7833,426,6216,12985,13913,5688,5101,6131,1049,1733,3394,846,19756,2710,39282,7328,1359,14621,2703,1575,17376,2048,5695,1556,7618,30128,1381,156,5312,3699,1554,5529,489
5299,224,10036,4010,29707,5190,6324,1128,813,22804,11457,308,1528,19210,10089,4127,3141,2876,7833,432,6246,13074,14145,5731,5146,6173,1054,1737,3450,862,19854,2732,39471,7425,1360,14750,2738,1603,17626,2062,5758,1570,7704,30313,1390,156,5381,3698,1570,5567,489
5334,224,10141,4043,30004,5208,6324,1137,817,22912,11458,309,1534,19293,10147,4138,3141,2901,7873,432,6272,13151,14145,5775,5167,6180,1056,1760,3467,869,19854,2749,39632,7567,1360,14896,2761,1604,17717,2074,5811,1585,7785,30479,1392,156,5383,3698,1582,5570,489
5347,224,10147,4081,30480,5213,6416,1146,821,23071,11475,309,1544,19363,10217,4139,3248,2922,7918,438,6301,13206,14192,5779,5186,6184,1057,1772,3500,869,19854,2764,39834,7578,1360,15037,2775,1613,17802,2095,5826,1585,7865,30585,1396,156,5393,3699,1594,5575,489
5573,225,10482,4121,31157,5242,6449,1157,825,23227,11662,309,1556,19497,10271,4222,3248,2944,7971,449,6367,13273,14296,5792,5284,6383,1067,1791,3546,878,20039,2794,40020,7638,1363,15184,2804,1667,18045,2109,5860,1585,8011,30895,1422,158,5477,3789,1634,5633,522
5760,226,10673,4186,31684,5285,6536,1166,831,23396,11803,312,1564,19617,10334,4232,3347,2991,8022,453,6404,13359,14336,5842,5315,6411,1069,1803,3596,885,20161,2807,40192,7745,1364,15324,2848,1708,18412,2120,5911,1604,8148,31277,1449,158,5552,3838,1671,5679,522
5945,228,10855,4228,32318,5316,6553,1178,842,23613,11975,318,1591,19724,10400,4251,3348,3042,8080,461,6449,13433,14511,5885,5356,6457,1077,1818,3658,897,20161,2836,40435,7825,1372,15438,2882,1737,18710,2130,5934,1614,8232,31693,1460,162,5626,3876,1702,5728,522
6030,229,11040,4263,33002,5343,6594,1182,842,23799,12138,318,1603,19873,10465,4257,3489,3061,8080,477,6494,13509,14550,5918,5411,6492,1086,1837,3698,908,20320,2874,40637,7933,1395,15575,2925,1758,18935,2146,6037,1629,8311,32086,1472,163,5656,3903,1733,5770,522
6119,229,11248,4293,33408,5363,6594,1188,847,24004,12291,320,1605,20020,10534,4321,3489,3093,8080,507,6541,13583,14669,5955,5481,6523,1088,1837,3761,927,20414,2910,40806,8016,1403,15694,2952,1799,19143,2161,6108,1633,8355,32428,1485,163,5706,3903,1761,5905,522
6120,229,11266,4311,33615,5379,6594,1200,850,24137,12296,322,1607,20050,10602,4323,3489,3127,8203,511,6567,13652,14669,5995,5521,6526,1092,1837,3779,933,20439,2932,40993,8083,1406,15811,2987,1800,19255,2169,6237,1656,8391,32600,1493,163,5729,3903,1776,5906,522
6121,229,11265,4343,33746,5386,6670,1210,857,24274,12360,322,1607,20118,10670,4324,3511,3167,8253,514,6596,13705,14686,6007,5524,6530,1093,1842,3784,933,20458,2958,41173,8083,1406,15936,2994,1803,19330,2187,6248,1667,8430,32711,1500,163,5739,3903,1784,5926,522
6126,230,11266,4386,34441,5388,6682,1219,861,24436,12572,324,1637,20153,10720,4332,3511,3194,8324,519,6650,13749,14702,6013,5574,6543,1093,1842,3792,938,20512,2975,41368,8139,1408,16036,3037,1808,19423,2199,6259,1667,8471,33032,1507,163,5798,3940,1815,5973,550
6283,253,11528,4441,35060,5422,6726,1228,863,24578,12778,325,1635,20285,10786,4394,3565,3243,8383,530,6689,13829,14770,6047,5638,6742,1094,1862,3863,950,20664,3009,41587,8200,1409,16133,3085,1832,19811,2223,6328,1667,8556,33491,1517,165,5861,3940,1836,6035,550
6379,254,11772,4496,35796,5440,6774,1241,864,24739,12889,328,1654,20423,10837,4445,3565,3301,8442,536,6735,13906,14933,6079,5668,6778,1100,1868,3910,962,20760,3044,41787,8339,1422,16230,3140,1843,20063,2232,6373,1673,8684,33942,1547,168,5940,4065,1849,6090,550
6486,254,12001,4549,36362,5462,6819,1252,867,25011,13060,332,1667,20534,10903,4478,3587,3337,8483,540,6792,13987,14951,6100,5713,6823,1104,1878,3958,971,20875,3077,41974,8464,1428,16346,3187,1865,20269,2248,6404,1684,8777,34381,1571,169,6002,4114,1856,6135,571
6657,259,12170,4563,36846,5482,6819,1254,870,25164,13246,336,1668,20645,10950,4486,3587,3386,8483,544,6837,14064,15181,6131,5752,6841,1141,1879,4011,981,20934,3115,42134,8586,1436,16444,3231,1877,20454,2256,6479,1696,8819,34725,1582,170,6079,4114,1872,6184,571
6660,259,12238,4606,37121,5505,6819,1267,872,25293,13250,342,1669,20680,10996,4487,3587,3421,8565,544,6865,14133,15181,6163,5772,6848,1151,1879,4026,987,20951,3145,42325,8695,1436,16552,3279,1880,20532,2272,6547,1705,8859,34911,1595,170,6078,4114,1895,6190,571
6662,259,12239,4650,37543,5512,6911,1271,879,25446,13303,342,1681,20744,11037,4488,3613,3460,8590,547,6900,14178,15219,6166,5777,6855,1151,1894,4029,990,20972,3157,42544,8720,1436,16652,3293,1882,20593,2285,6552,1705,8970,35090,1597,171,6081,4148,1899,6199,571
6896,260,12448,4690,38268,5517,6934,1276,888,25673,13482,401,1688,20853,11087,4492,3613,3495,8621,558,6963,14220,15305,6174,5852,6984,1185,1905,4088,994,21105,3171,42726,8776,1440,16737,3323,1904,20818,2296,6578,1705,9162,35420,1613,171,6174,4167,1928,6264,596
7172,261,12643,4742,38826,5552,6976,1283,895,25833,13643,404,1714,20949,11137,4500,3707,3542,8688,562,6996,14304,15314,6192,5917,7018,1201,1917,4134,1006,21220,3198,42887,8915,1441,16814,3388,1924,21032,2303,6673,1739,9316,35877,1620,172,6228,4211,1953,6302,596
7340,262,12819,4784,39574,5569,7020,1292,902,26035,13827,406,1721,21074,11180,4532,3707,3611,8743,567,7037,14348,15402,6208,5945,7041,1210,1921,4181,1022,21301,3226,43093,9046,1442,16895,3423,1930,21264,2317,6903,1763,9417,36292,1620,172,6308,4243,1983,6334,596
7566,262,13022,4831,40238,5594,7046,1299,907,26254,13986,407,1725,21146,11220,4577,3767,3668,8801,570,7076,14444,15410,6236,5983,7055,1227,1921,4218,1036,21383,3248,43278,9157,1444,16977,3471,1938,21437,2324,6942,1768,9461,36650,1655,172,6379,4285,2006,6390,596
7566,262,13098,4838,40702,5620,7046,1301,909,26360,14196,407,1725,21213,11262,4651,3767,3714,8801,590,7107,14531,15525,6255,6018,7070,1232,1920,4264,1042,21455,3265,43453,9287,1447,17060,3504,1957,21562,2333,7014,1775,9574,36924,1663,173,6449,4285,2015,6430,596
7688,262,13120,4868,40928,5640,7046,1305,913,26479,14198,410,1725,21253,11296,4901,3767,3745,8859,590,7127,14577,15525,6268,6045,7071,1233,1920,4270,1057,21484,3283,43634,9335,1447,17131,3547,1957,21617,2341,7042,1778,9650,37074,1665,174,6464,4285,2024,6434,596
7688,262,13124,4895,41402,5641,7119,1308,916,26685,14242,410,1735,21273,11331,4906,3797,3780,8912,595,7154,14607,15536,6270,6056,7074,1234,1920,4278,1059,21513,3295,43805,9342,1447,17200,3564,1958,21651,2352,7283,1778,9753,37245,1668,175,6474,4318,2028,6436,596
7894,279,13362,4939,41902,5650,7133,1316,916,26822,14450,410,1741,21336,11371,4919,3797,3812,8953,618,7188,14652,15609,6278,6132,7340,1249,1929,4324,1059,21584,3310,43982,9409,1447,17273,3602,1981,21775,2366,7318,1779,9900,37619,1685,176,6517,4316,2031,6480,624
8203,279,13576,4985,42484,5664,7157,1318,926,27019,14587,414,1748,21420,11408,4975,3872,3863,9006,627,7220,14708,15644,6302,6158,7415,1303,1931,4373,1076,21693,3338,44148,9578,1447,17355,3654,1991,21919,2380,7394,1782,10033,38039,1697,179,6575,4388,2058,6496,624
8365,279,13752,5009,43120,5682,7185,1321,932,27247,14756,416,1747,21497,11597,5033,3872,3921,9044,630,7251,14784,15725,6319,6182,7441,1308,1952,4424,1085,21793,3355,44298,9728,1447,17419,3681,1998,22048,2387,7487,1788,10202,38453,1711,181,6650,4416,2080,6545,624
8449,279,13948,5050,43690,5705,7214,1325,940,27457,14858,416,1758,21603,11686,5067,4075,3971,9076,632,7287,14859,15750,6341,6222,7455,1307,1958,4463,1091,21886,3378,44466,9841,1451,17482,3710,2002,22208,2393,7553,1798,10405,38893,1728,181,6732,4449,2100,6575,624
8513,279,14011,5061,43991,5722,7214,1329,947,27599,15090,416,1767,21676,11752,5108,4075,4020,9076,634,7329,14921,15854,6357,6266,7472,1312,1968,4496,1098,21964,3386,44664,9926,1453,17551,3761,2020,22353,2400,7611,1804,10463,39182,1733,182,6773,4449,2119,6611,624
8515,279,14048,5076,44155,5731,7214,1335,952,27696,15092,418,1767,21738,11817,5108,4075,4051,9119,635,7349,14999,15854,6367,6269,7474,1314,1968,4520,1104,21989,3399,44839,9983,1453,17609,3813,2023,22416,2412,7651,1809,10469,39322,1736,183,6778,4449,2129,6613,624
8523,279,14055,5106,44494,5733,7282,1339,956,27815,15130,418,1776,21779,11875,5110,4167,4091,9142,636,7372,15054,15863,6370,6270,7475,1314,1968,4522,1106,22011,3412,44969,9991,1454,17673,3817,2024,22443,2420,7690,1809,10566,39482,1738,183,6820,4451,2131,6614,624
8579,280,14286,5148,45009,5746,7298,1343,961,28048,15301,418,1780,21802,11942,5145,4167,4126,9162,639,7413,15124,15925,6376,6342,7485,1315,1978,4559,1109,22103,3430,45140,10046,1457,17730,3870,2031,22590,2427,7693,1809,10631,39799,1748,186,6898,4558,2150,6663,647
8888,280,14462,5174,45496,5770,7326,1346,965,28208,15421,423,1791,21869,12001,5174,4270,4175,9212,641,7446,15207,15939,6387,6367,7496,1320,1986,4582,1116,22250,3461,45312,10181,1459,17775,3900,2044,22726,2437,7742,1815,10731,40148,1765,187,6932,4603,2175,6705,647
9021,280,14662,5199,46022,5781,7354,1350,973,28382,15513,424,1791,21985,12027,5196,4270,4211,9239,641,7467,15269,16019,6411,6390,7721,1320,1990,4637,1117,22329,3479,45453,10294,1460,17824,3948,2056,22835,2447,7837,1829,10812,40535,1774,188,6958,4633,2187,6723,647
9180,282,14834,5212,46466,5790,7381,1352,976,28565,15708,425,1796,22027,12117,5223,4329,4253,9276,643,7503,15358,16027,6430,6429,7752,1324,2002,4663,1126,22393,3502,45597,10376,1461,17875,3959,2094,22948,2452,7894,1831,10893,40901,1785,189,6966,4675,2200,6734,647
9242,282,14948,5252,46874,5814,7381,1356,979,28683,15850,425,1803,22087,12149,5236,4329,4272,9276,647,7536,15424,16119,6437,6461,7780,1327,2002,4694,1130,22440,3516,45751,10453,1461,17911,3994,2137,23043,2459,7911,1838,10902,41149,1790,189,6996,4675,2201,6744,647
9242,282,14978,5265,47057,5824,7381,1361,979,28779,15871,426,1803,22121,12173,5236,4329,4282,9292,649,7554,15484,16119,6444,6462,7782,1327,2002,4709,1133,22454,3529,45884,10491,1461,17954,4024,2137,23065,2462,7998,1844,10933,41273,1794,189,7012,4675,2210,6745,647
9244,282,14978,5275,47119,5826,7447,1364,980,28934,15928,426,1803,22166,12191,5237,4370,4291,9325,649,7580,15517,16130,6446,6464,7783,1328,2003,4720,1135,22466,3538,46000,10501,1461,18008,4041,2137,23086,2465,8034,1844,10937,41336,1796,190,7016,4675,2212,6749,647
9257,287,14981,5287,47510,5828,7449,1364,982,29154,16174,426,1806,22199,12231,5263,4370,4318,9325,651,7612,15567,16149,6448,6501,7787,1331,2004,4733,1136,22497,3550,46141,10562,1461,18056,4061,2138,23100,2473,8055,1844,10954,41386,1797,191,7037,4709,2216,6788,662
9346,288,15063,5313,47936,5838,7476,1365,985,29311,16273,427,1817,22224,12250,5306,4482,4336,9391,654,7630,15623,16160,6458,6524,7821,1334,2018,4774,1148,22632,3562,46267,10670,1461,18102,4089,2143,23284,2474,8117,1844,10985,41496,1806,191,7075,4759,2225,6798,662
9424,288,15276,5323,48296,5864,7496,1366,992,29474,16403,428,1826,22297,12281,5321,4482,4373,9406,655,7661,15686,16251,6472,6531,7997,1337,2025,4805,1150,22721,3580,46436,10766,1465,18141,4112,2149,23381,2476,8155,1847,11057,41630,1813,193,7090,4803,2236,6816,662
9573,289,15421,5336,48836,5878,7523,1366,993,29692,16610,430,1826,22368,12325,5336,4573,4401,9440,656,7677,15726,16274,6480,6534,8048,1339,2043,4831,1152,22784,3599,46593,10820,1465,18186,4132,2149,23466,2482,8213,1853,11064,41832,1834,193,7098,4822,2248,6852,662
9590,289,15480,5348,49120,5887,7523,1366,994,29813,16742,430,1826,22426,12336,5336,4573,4426,9440,658,7697,15779,16342,6491,6553,8059,1341,2047,4868,1153,22834,3610,46703,10896,1467,18223,4155,2154,23540,2485,8256,1859,11115,42041,1842,196,7197,4822,2254,6871,662
9592,289,15505,5357,49345,5892,7523,1367,995,29906,16744,431,1826,22466,12372,5336,4573,4447,9466,658,7715,15826,16342,6500,6553,8059,1342,2047,4872,1154,22858,3624,46812,10926,1468,18254,4181,2155,23565,2488,8324,1863,11133,42162,1852,197,7331,4822,2261,6871,662
9592,290,15502,5363,49541,5893,7562,1368,995,30065,16835,431,1826,22506,12407,5374,4602,4460,9477,658,7732,15853,16343,6501,6553,8062,1341,2047,4882,1154,22874,3635,46924,10934,1468,18290,4203,2156,23580,2490,8332,1863,11153,42301,1853,198,7486,4857,2263,6871,662
9660,290,15650,5377,49888,5907,7572,1379,998,30213,16927,431,1840,22528,12450,5400,4602,4476,9503,660,7762,15883,16380,6502,6577,8206,1346,2050,4903,1155,22978,3644,47037,10965,1469,18314,4227,2162,23677,2495,8357,1863,11198,42521,1865,199,7658,4881,2274,6910,671
9744,290,15693,5387,50972,5917,7595,1402,1001,30340,17064,435,1840,22575,12467,5415,4681,4527,9528,677,7789,15945,16389,6511,6605,8223,1348,2054,4919,1157,23077,3658,47156,11074,1470,18344,4264,2194,23759,2499,8398,1864,11266,42831,1879,201,7807,4912,2285,6936,671
9831,290,15814,5397,51395,5925,7614,1406,1005,30478,17199,435,1850,22607,12494,5438,4681,4570,9561,701,7805,15978,16436,6518,6613,8255,1350,2063,4933,1163,23147,3671,47264,11137,1471,18378,4302,2204,23840,2502,8443,1872,11321,43085,1890,203,7963,4942,2290,6994,671
9869,290,15897,5407,51809,5940,7622,1418,1009,30624,17219,437,1859,22675,12531,5463,4692,4600,9587,701,7838,16024,16438,6530,6638,8270,1354,2078,4942,1167,23192,3685,47389,11186,1472,18406,4320,2206,23895,2502,8477,1879,11377,43376,1907,204,8197,4956,2291,6999,671
9930,290,15967,5417,51954,5945,7622,1418,1010,30734,17294,439,1860,22710,12556,5470,4692,4625,9587,702,7856,16067,16508,6543,6669,8282,1356,2082,4957,1170,23238,3700,47498,11212,1475,18433,4379,2208,23895,2502,8498,1886,11393,43519,1929,204,8382,4956,2297,7014,671
9929,290,15980,5243,52182,5951,7622,1422,1017,30852,17295,439,1860,22735,12573,5471,4692,4637,9608,703,7869,16118,16508,6551,6681,8281,1357,2082,4957,1170,23252,3716,47615,11212,1475,18459,4428,2208,23967,2502,8546,1888,11411,43697,1935,204,8552,4956,2300,7014,671
9931,300,15979,5250,52491,5952,7651,1422,1019,30999,17376,439,1867,22759,12595,5472,4700,4652,9628,703,7879,16144,16519,6554,6681,8283,1357,2082,4957,1170,23273,3729,47719,11254,1475,18484,4478,2212,23984,2517,8562,1888,11421,43909,1940,205,8783,4969,2300,7014,671
9991,302,16060,5254,52798,5959,7658,1426,1019,31135,17480,439,1871,22803,12623,5498,4700,4671,9647,703,7905,16182,16544,6558,6724,8298,1372,2084,4967,1170,23321,3740,47818,11288,1477,18513,4534,2225,24062,2525,8576,1888,11436,44186,1949,206,8943,4988,2301,7050,682
10029,303,16089,5261,53083,5970,7678,1440,1023,31267,17625,441,1876,22853,12633,5501,4772,4704,9668,705,7919,16252,16550,6575,6743,8482,1373,2091,4987,1175,23449,3753,47935,11363,1478,18542,4534,2252,24134,2534,8620,1893,11459,44463,1955,207,9326,5012,2309,7069,682
10094,303,16185,5273,53466,5974,7693,1444,1024,31387,17750,441,1876,22902,12663,5536,4772,4732,9686,705,7922,16296,16589,6589,6764,8488,1375,2092,5005,1178,23491,3769,48049,11399,1478,18568,4534,2284,24208,2539,8660,1896,11501,44757,1966,207,9357,5032,2309,7082,682
10122,305,16269,5283,53854,5986,7704,1453,1027,31522,17815,443,1876,22947,12697,5549,4779,4754,9716,704,7930,16322,16601,6602,6783,8504,1379,2112,5020,1178,23521,3787,48153,11446,1478,18592,4534,2293,24255,2541,8699,1896,11534,45047,1970,207,9428,5041,2318,7094,682
10149,305,16323,5297,54134,5986,7704,1464,1030,31620,17905,444,1879,23003,12726,5552,4768,4806,9716,704,7941,16374,16658,6614,6805,8512,1379,2113,5036,1181,23557,3796,48247,11502,1479,18611,4534,2296,24306,2541,8719,1898,11543,45249,1975,208,9519,5041,2323,7103,682
10148,305,16328,5319,54220,5990,7704,1473,1030,31683,17906,445,1879,23015,12737,5558,4768,4819,9748,706,7955,16417,16658,6618,6808,8514,1381,2113,5037,1184,23574,3808,48335,11502,1479,18631,4534,2296,24334,2541,8754,1900,11547,45315,1976,208,9596,5041,2325,7106,682
10148,305,16328,5343,54316,5990,7725,1475,1035,31764,17948,445,1890,23021,12744,5559,4772,4829,9758,706,7963,16435,16662,6624,6808,8516,1381,2113,5040,1184,23590,3811,48401,11535,1479,18653,4534,2298,24344,2549,8760,1901,11556,45411,1977,208,9683,5063,2325,7106,682
10186,305,16326,5357,54628,5997,7739,1482,1036,31889,17978,445,1892,23040,12762,5574,4772,4850,9769,723,7988,16456,16692,6764,6834,8625,1385,2110,5054,1185,23635,3830,48481,11552,1479,18672,4701,2303,24388,2556,8763,1901,11588,45582,1990,211,9790,5077,2326,7134,691
10222,305,16404,5382,54890,6003,7752,1492,1037,31948,18036,448,1901,23068,12775,5601,4807,4884,9812,723,8002,16509,16700,6773,6845,8637,1387,2120,5067,1187,23768,3839,48573,11595,1481,18692,4701,2305,24427,2559,8781,1904,11606,45796,1992,211,9849,5100,2330,7150,691
10274,305,16461,5410,55160,6021,7761,1494,1038,32040,18117,448,1906,23123,12802,5621,4807,4921,9828,723,8014,16551,16722,6792,6864,8647,1391,2122,5080,1191,23814,3845,48690,11622,1485,18707,4701,2316,24474,2563,8822,1905,11623,46007,2015,211,9902,5107,2338,7160,691
10299,306,16519,5437,55535,6024,7765,1496,1038,32145,18164,449,1909,23164,12824,5630,4778,4950,9861,723,8030,16580,16729,6805,6883,8655,1392,2124,5097,1195,23854,3849,48757,11663,1486,18722,4701,2319,24510,2567,8833,1907,11639,46229,2017,212,9961,5123,2511,7164,691
10327,306,16546,5455,56281,6036,7765,1504,1040,32225,18216,450,1910,23189,12846,5633,4778,4966,9861,724,8038,16614,16769,6809,6896,8660,1392,2127,5117,1199,23888,3850,48850,11691,1488,18743,4701,2322,24510,2567,8870,1909,11639,46366,2021,214,9985,5123,2519,7178,691
10327,306,16553,5474,56421,6038,7765,1507,1041,32255,18215,451,1910,23207,12856,5641,4778,4982,9884,724,8048,16645,16769,6814,6901,8660,1392,2127,5118,1199,23903,3852,48953,11691,1488,18755,4701,2322,24510,2567,8875,1912,11639,46423,2027,214,10019,5123,2530,7176,691
10329,306,16553,5481,56521,6040,7788,1511,1042,32348,18262,451,1916,23217,12864,5642,4791,5005,9903,725,8055,16673,16779,6815,6903,8661,1393,2127,5121,1199,23925,3853,49016,11709,1488,18770,4701,2324,24566,2576,8878,1912,11638,46519,2027,214,10060,5135,2531,7177,691
10337,306,16574,5493,56644,6048,7799,1514,1042,32449,18287,451,1929,23236,12876,5657,4791,5029,9925,725,8080,16688,16805,6817,6929,8694,1396,2128,5135,1202,23966,3860,49110,11722,1489,18777,4788,2346,24660,2583,8881,1912,11650,46651,2032,215,10104,5149,2546,7182,693
10363,307,16586,5507,56854,6049,7807,1516,1044,32504,18359,451,1935,23255,12893,5666,4793,5056,9955,725,8099,16732,16809,6824,6936,8702,1396,2129,5147,1202,24045,3872,49171,11757,1490,18786,4788,2349,24698,2588,8933,1915,11658,46827,2037,217,10154,5156,2565,7201,693
10391,310,16645,5515,57088,6060,7822,1517,1046,32598,18420,451,1938,23287,12907,5672,4793,5504,9974,727,8113,16759,16843,6830,6938,8708,1406,2130,5157,1207,24076,3877,49262,11783,1490,18797,4788,2353,24722,2594,8938,1919,11681,47025,2041,217,10182,5168,2570,7208,693
10425,310,16691,5529,57241,6065,7832,1522,1047,32651,18464,452,1941,23304,12922,5672,4798,5695,9988,728,8132,16803,16857,6839,6945,8709,1409,2133,5161,1213,24103,3882,49335,11805,1491,18813,4788,2357,24758,2595,8966,1919,11709,47198,2058,217,10092,5174,2600,7222,693
10436,310,16733,5533,57330,6068,7832,1526,1049,32713,18530,453,1941,23329,12926,5674,4798,5720,9988,728,8158,16832,16906,6845,6955,8713,1414,2135,5171,1217,24134,3889,49401,11820,1492,18824,4788,2362,24783,2595,8977,1922,11709,47298,2060,219,10104,5174,2600,7240,693
10436,310,16745,5539,57443,6073,7832,1529,1050,32742,18530,454,1941,23357,12946,5675,4798,5738,9988,729,8170,16867,16906,6850,6956,8718,1414,2135,5172,1217,24174,3889,49426,11820,1492,18836,4788,2363,24796,2595,9007,1923,11709,47346,2062,219,10117,5174,2606,7240,693
10436,310,16745,5544,57572,6070,7841,1531,1050,32779,18556,454,1946,23379,12947,5675,4806,5799,10030,729,8184,16894,16912,6850,6956,8719,1414,2135,5174,1217,24181,3892,49444,11836,1492,18846,4788,2365,24774,2604,9027,1923,11713,47446,2062,219,10127,5183,2612,7240,693
10450,312,16798,5547,57740,6074,7845,1535,1051,32820,18588,454,1951,23391,12959,5683,4806,5814,10037,731,8195,16915,16932,6857,6977,8773,1419,2137,5188,1218,24242,3903,49462,11854,1494,18854,4788,2367,24817,2606,9030,1923,11747,47527,2077,220,10137,5186,2613,7240,695
10487,312,16842,5560,57937,6077,7852,1535,1053,32850,18660,457,1952,23408,12975,5689,4836,5863,10056,731,8214,16970,16949,6866,6981,8785,1431,2165,5203,1228,24292,3909,49717,11894,1495,18861,4850,2368,24857,2606,9055,1924,11792,47689,2082,222,10143,5200,2619,7263,695
10504,313,16874,5571,58375,6082,7862,1536,1053,32957,18751,458,1954,23442,12982,5708,4837,5970,10073,731,8217,17010,17003,6892,6987,8788,1435,2174,5215,1229,24330,3916,49790,11987,1497,18871,4850,2370,24898,2607,9083,1927,11796,47822,2088,223,10147,5213,2624,7267,695
10523,313,16898,5583,58605,6086,7865,1536,1055,33116,18849,459,1954,23472,13002,5716,4848,6008,10087,731,8232,17051,17023,6899,6998,8792,1435,2175,5226,1231,24358,3923,49848,12028,1498,18872,4850,2373,24932,2608,9092,1928,11816,47947,2091,224,10154,5218,2628,7271,695
10526,313,16912,5590,58795,6089,7865,1544,1056,33142,18926,462,1954,23498,13011,5718,4848,6023,10087,736,8246,17086,17047,6903,7000,8796,1436,2175,5236,1235,24382,3925,49928,12028,1498,18877,4850,2375,24960,2608,9104,1933,11816,48039,2101,224,10178,5218,2631,7274,695
10526,313,16918,5595,58948,6092,7865,1544,1056,33178,18926,462,1954,23521,13023,5725,4848,6031,10087,736,8251,17115,17047,6908,7001,8796,1436,2175,5236,1237,24389,3925,50017,12028,1498,18880,4850,2375,24971,2608,9122,1933,11816,48093,2114,225,10198,5218,2634,7274,695
10526,313,16918,5601,59030,6092,7883,1552,1059,33247,18962,462,1957,23527,13028,5729,4859,6042,10122,736,8260,17130,17056,6913,7001,8797,1436,2175,5237,1237,24404,3925,50158,12085,1498,18885,4850,2375,24991,2613,9122,1933,11866,48134,2114,225,10219,5226,2638,7277,695
10527,313,16941,5616,59128,6099,7885,1559,1061,33338,18987,462,1957,23542,13038,5729,4859,6065,10132,738,8273,17148,17108,6914,7013,8848,1437,2177,5239,1237,24486,3932,50212,12087,1498,18886,4850,2381,25029,2618,9126,1935,11894,48242,2118,225,10242,5237,2640,7292,695
10554,313,16967,5626,59274,6107,7889,1559,1064,33425,19055,463,1962,23579,13039,5743,4870,6090,10141,743,8286,17185,17119,6926,7032,8853,1437,2180,5249,1238,24561,3937,50299,12112,1498,18889,4953,2383,25074,2619,9146,1935,11904,48252,2122,227,10252,5247,2676,7315,700
10553,313,16977,5636,59411,6117,7900,1559,1066,33494,19119,463,1963,23601,13048,5751,4870,6108,10161,744,8303,17217,17174,6938,7048,8859,1438,2181,5256,1245,24591,3942,50375,12136,1498,18893,4953,2385,25111,2624,9174,1938,11915,48495,2125,227,10268,5262,2683,7326,700
10607,313,16989,5639,59614,6118,7904,1565,1069,33586,19176,463,1966,23626,13069,5754,4889,6129,10161,744,8319,17249,17194,6942,7051,8861,1454,2181,5260,1245,24615,3949,50458,12136,1498,18901,4953,2385,25135,2630,9179,1938,11915,48599,2131,228,10279,5278,2688,7336,700
10637,313,16991,5641,59654,6124,7904,1565,1070,33652,19210,467,1966,23635,13074,5822,4889,6149,10161,745,8342,17281,17259,6953,7055,8866,1465,2181,5274,1247,24632,3949,50551,12136,1498,18902,4953,2391,25166,2630,9196,1938,11915,48676,2132,229,10287,5278,2693,7341,700
10637,313,16990,5643,59720,6126,7904,1566,1070,33674,19212,467,1966,23654,13074,5822,4889,6149,10161,745,8350,17281,17259,6953,7055,8866,1466,2181,5274,1249,24637,3949,50633,12136,1498,18905,4953,2392,25173,2630,9196,1938,11915,48697,2132,229,10329,5278,2695,7340,700
10638,313,16990,5648,59799,6126,7923,1566,1072,33710,19212,467,1972,23665,13075,5822,4884,6171,10165,746,8363,17325,17282,6963,7055,8867,1466,2181,5275,1249,24649,3953,50706,12173,1497,18907,4953,2394,25180,2629,9203,1938,11929,48729,2133,229,10360,5285,2696,7341,700
10652,313,16996,5653,59887,6132,7930,1567,1074,33780,19238,467,1974,23673,13084,5835,4884,6184,10174,746,8378,17337,17343,6967,7073,8876,1477,2183,5297,1249,24700,3961,50751,12189,1499,18913,4953,2427,25217,2632,9204,1938,11967,48815,2137,229,10401,5299,2707,7349,701
10652,313,17023,5660,59993,6140,7935,1567,1076,33822,19305,467,1980,23702,13099,5836,4889,6198,10185,747,8389,17358,17373,6986,7077,8878,1489,2183,5308,1250,24749,3963,50843,12212,1499,18914,6669,2434,25269,2635,9213,1938,11976,48918,2139,230,10415,5306,2722,7356,701
10675,313,17055,5662,60129,6143,7940,1568,1077,33906,19374,470,1989,23740,13114,5843,4889,6214,10200,748,8410,17366,17450,7000,7082,8879,1494,2207,5313,1251,24783,3974,50898,12224,1499,18917,6669,2439,25312,2636,9237,1939,11997,49017,2149,230,10436,5316,2735,7370,701
10686,313,17062,5661,60286,6151,7944,1573,1079,33968,19424,470,1993,23762,13131,5849,4895,6223,10216,750,8424,17376,17479,7010,7086,8878,1521,2219,5323,1253,24826,3976,50977,12248,1501,18917,6669,2440,25358,2638,9248,1946,12001,49121,2157,231,10451,5322,2737,7375,701
10712,313,17092,5661,60384,6155,7944,1577,1081,34014,19488,471,1993,23777,13138,5857,4895,6241,10216,750,8444,17379,17563,7022,7095,8884,1523,2220,5332,1256,24859,3976,51036,12248,1502,18917,6669,2440,25390,2638,9273,1946,12001,49188,2159,231,10458,5322,2742,7379,701
10712,313,17086,5661,60452,6157,7944,1578,1081,34021,19488,471,1993,23793,13148,5857,4895,6250,10216,750,8455,17387,17563,7035,7096,8885,1523,2220,5332,1257,24870,3976,51117,12248,1502,18917,6669,2440,25393,2638,9276,1946,12001,49212,2159,231,10472,5322,2745,7380,701
10712,314,17086,5665,60495,6157,7957,1581,1084,34056,19523,471,1996,23809,13151,5857,4887,6257,10241,751,8470,17406,17576,7037,7096,8887,1524,2221,5332,1257,24896,3979,51204,12290,1502,18917,6669,2441,25397,2638,9276,1947,12015,49231,2159,233,10486,5329,2745,7383,701
10722,314,17105,5673,60547,6168,7974,1587,1085,34120,19548,471,2000,23826,13167,5857,4887,6261,10255,753,8484,17413,17657,7040,7119,8970,1526,2226,5339,1257,24945,3988,51258,12305,1504,18917,6669,2446,25451,2640,9289,1947,12022,49289,2161,233,10506,5340,2747,7394,703
10728,314,17109,5680,60717,6173,7984,1591,1088,34164,19600,473,2006,23865,13187,5857,4900,6285,10264,757,8493,17427,17694,7056,7122,8995,1526,2226,5353,1261,25006,3996,51350,12325,1505,18917,6697,2449,25502,2642,9304,1948,12032,49359,2161,237,10510,5357,2756,7402,703
